,Date,Day,DetritusC_7,DetritusN_7,DetritusP_7,DetritusC_K,DetritusN_K,DetritusP_K,DetritusC_4,DetritusN_4,DetritusP_4
0,1/1/2021,0,752.387588,14.86931992,0.605787108,376.193794,7.43465996,0.302893554,752.387588,14.86931992,0.605787108
1,1/2/2021,1,752.387588,14.86931992,0.605787108,376.193794,7.43465996,0.302893554,752.387588,14.86931992,0.605787108
2,1/3/2021,2,752.387588,14.86931992,0.605787108,376.193794,7.43465996,0.302893554,752.387588,14.86931992,0.605787108
3,1/4/2021,3,752.387588,14.86931992,0.605787108,376.193794,7.43465996,0.302893554,752.387588,14.86931992,0.605787108
4,1/5/2021,4,752.387588,14.86931992,0.605787108,376.193794,7.43465996,0.302893554,752.387588,14.86931992,0.605787108
5,1/6/2021,5,752.387588,14.86931992,0.605787108,376.193794,7.43465996,0.302893554,752.387588,14.86931992,0.605787108
6,1/7/2021,6,752.387588,14.86931992,0.605787108,376.193794,7.43465996,0.302893554,752.387588,14.86931992,0.605787108
7,1/8/2021,7,752.387588,14.86931992,0.605787108,376.193794,7.43465996,0.302893554,752.387588,14.86931992,0.605787108
8,1/9/2021,8,752.387588,14.86931992,0.605787108,376.193794,7.43465996,0.302893554,752.387588,14.86931992,0.605787108
9,1/10/2021,9,752.387588,14.86931992,0.605787108,376.193794,7.43465996,0.302893554,752.387588,14.86931992,0.605787108
10,1/11/2021,10,752.387588,14.86931992,0.605787108,376.193794,7.43465996,0.302893554,752.387588,14.86931992,0.605787108
11,1/12/2021,11,752.387588,14.86931992,0.605787108,376.193794,7.43465996,0.302893554,752.387588,14.86931992,0.605787108
12,1/13/2021,12,752.387588,14.86931992,0.605787108,376.193794,7.43465996,0.302893554,752.387588,14.86931992,0.605787108
13,1/14/2021,13,752.387588,14.86931992,0.605787108,376.193794,7.43465996,0.302893554,752.387588,14.86931992,0.605787108
14,1/15/2021,14,752.387588,14.86931992,0.605787108,376.193794,7.43465996,0.302893554,752.387588,14.86931992,0.605787108
15,1/16/2021,15,752.387588,14.86931992,0.605787108,376.193794,7.43465996,0.302893554,752.387588,14.86931992,0.605787108
16,1/17/2021,16,752.387588,14.86931992,0.605787108,376.193794,7.43465996,0.302893554,752.387588,14.86931992,0.605787108
17,1/18/2021,17,752.387588,14.86931992,0.605787108,376.193794,7.43465996,0.302893554,752.387588,14.86931992,0.605787108
18,1/19/2021,18,752.387588,14.86931992,0.605787108,376.193794,7.43465996,0.302893554,752.387588,14.86931992,0.605787108
19,1/20/2021,19,752.387588,14.86931992,0.605787108,376.193794,7.43465996,0.302893554,752.387588,14.86931992,0.605787108
20,1/21/2021,20,752.387588,14.86931992,0.605787108,376.193794,7.43465996,0.302893554,752.387588,14.86931992,0.605787108
21,1/22/2021,21,752.387588,14.86931992,0.605787108,376.193794,7.43465996,0.302893554,752.387588,14.86931992,0.605787108
22,1/23/2021,22,752.387588,14.86931992,0.605787108,376.193794,7.43465996,0.302893554,752.387588,14.86931992,0.605787108
23,1/24/2021,23,752.387588,14.86931992,0.605787108,376.193794,7.43465996,0.302893554,752.387588,14.86931992,0.605787108
24,1/25/2021,24,752.387588,14.86931992,0.605787108,376.193794,7.43465996,0.302893554,752.387588,14.86931992,0.605787108
25,1/26/2021,25,752.387588,14.86931992,0.605787108,376.193794,7.43465996,0.302893554,752.387588,14.86931992,0.605787108
26,1/27/2021,26,752.387588,14.86931992,0.605787108,376.193794,7.43465996,0.302893554,752.387588,14.86931992,0.605787108
27,1/28/2021,27,752.387588,14.86931992,0.605787108,376.193794,7.43465996,0.302893554,752.387588,14.86931992,0.605787108
28,1/29/2021,28,752.387588,14.86931992,0.605787108,376.193794,7.43465996,0.302893554,752.387588,14.86931992,0.605787108
29,1/30/2021,29,752.387588,14.86931992,0.605787108,376.193794,7.43465996,0.302893554,752.387588,14.86931992,0.605787108
30,1/31/2021,30,752.387588,14.86931992,0.605787108,376.193794,7.43465996,0.302893554,752.387588,14.86931992,0.605787108
31,2/1/2021,31,752.387588,14.86931992,0.605787108,376.193794,7.43465996,0.302893554,752.387588,14.86931992,0.605787108
32,2/2/2021,32,752.387588,14.86931992,0.605787108,376.193794,7.43465996,0.302893554,752.387588,14.86931992,0.605787108
33,2/3/2021,33,752.387588,14.86931992,0.605787108,376.193794,7.43465996,0.302893554,752.387588,14.86931992,0.605787108
34,2/4/2021,34,752.387588,14.86931992,0.605787108,376.193794,7.43465996,0.302893554,752.387588,14.86931992,0.605787108
35,2/5/2021,35,752.387588,14.86931992,0.605787108,376.193794,7.43465996,0.302893554,752.387588,14.86931992,0.605787108
36,2/6/2021,36,752.387588,14.86931992,0.605787108,376.193794,7.43465996,0.302893554,752.387588,14.86931992,0.605787108
37,2/7/2021,37,752.387588,14.86931992,0.605787108,376.193794,7.43465996,0.302893554,752.387588,14.86931992,0.605787108
38,2/8/2021,38,752.387588,14.86931992,0.605787108,376.193794,7.43465996,0.302893554,752.387588,14.86931992,0.605787108
39,2/9/2021,39,752.387588,14.86931992,0.605787108,376.193794,7.43465996,0.302893554,752.387588,14.86931992,0.605787108
40,2/10/2021,40,752.387588,14.86931992,0.605787108,376.193794,7.43465996,0.302893554,752.387588,14.86931992,0.605787108
41,2/11/2021,41,752.387588,14.86931992,0.605787108,376.193794,7.43465996,0.302893554,752.387588,14.86931992,0.605787108
42,2/12/2021,42,752.387588,14.86931992,0.605787108,376.193794,7.43465996,0.302893554,752.387588,14.86931992,0.605787108
43,2/13/2021,43,752.387588,14.86931992,0.605787108,376.193794,7.43465996,0.302893554,752.387588,14.86931992,0.605787108
44,2/14/2021,44,752.387588,14.86931992,0.605787108,376.193794,7.43465996,0.302893554,752.387588,14.86931992,0.605787108
45,2/15/2021,45,752.387588,14.86931992,0.605787108,376.193794,7.43465996,0.302893554,752.387588,14.86931992,0.605787108
46,2/16/2021,46,752.387588,14.86931992,0.605787108,376.193794,7.43465996,0.302893554,752.387588,14.86931992,0.605787108
47,2/17/2021,47,752.387588,14.86931992,0.605787108,376.193794,7.43465996,0.302893554,752.387588,14.86931992,0.605787108
48,2/18/2021,48,752.387588,14.86931992,0.605787108,376.193794,7.43465996,0.302893554,752.387588,14.86931992,0.605787108
49,2/19/2021,49,752.387588,14.86931992,0.605787108,376.193794,7.43465996,0.302893554,752.387588,14.86931992,0.605787108
50,2/20/2021,50,752.387588,14.86931992,0.605787108,376.193794,7.43465996,0.302893554,752.387588,14.86931992,0.605787108
51,2/21/2021,51,752.387588,14.86931992,0.605787108,376.193794,7.43465996,0.302893554,752.387588,14.86931992,0.605787108
52,2/22/2021,52,752.387588,14.86931992,0.605787108,376.193794,7.43465996,0.302893554,752.387588,14.86931992,0.605787108
53,2/23/2021,53,752.387588,14.86931992,0.605787108,376.193794,7.43465996,0.302893554,752.387588,14.86931992,0.605787108
54,2/24/2021,54,752.387588,14.86931992,0.605787108,376.193794,7.43465996,0.302893554,752.387588,14.86931992,0.605787108
55,2/25/2021,55,752.387588,14.86931992,0.605787108,376.193794,7.43465996,0.302893554,752.387588,14.86931992,0.605787108
56,2/26/2021,56,752.387588,14.86931992,0.605787108,376.193794,7.43465996,0.302893554,752.387588,14.86931992,0.605787108
57,2/27/2021,57,752.387588,14.86931992,0.605787108,376.193794,7.43465996,0.302893554,752.387588,14.86931992,0.605787108
58,2/28/2021,58,752.387588,14.86931992,0.605787108,376.193794,7.43465996,0.302893554,752.387588,14.86931992,0.605787108
59,3/1/2021,59,752.387588,14.86931992,0.605787108,376.193794,7.43465996,0.302893554,752.387588,14.86931992,0.605787108
60,3/2/2021,60,752.387588,14.86931992,0.605787108,376.193794,7.43465996,0.302893554,752.387588,14.86931992,0.605787108
61,3/3/2021,61,752.387588,14.86931992,0.605787108,376.193794,7.43465996,0.302893554,752.387588,14.86931992,0.605787108
62,3/4/2021,62,752.387588,14.86931992,0.605787108,376.193794,7.43465996,0.302893554,752.387588,14.86931992,0.605787108
63,3/5/2021,63,752.387588,14.86931992,0.605787108,376.193794,7.43465996,0.302893554,752.387588,14.86931992,0.605787108
64,3/6/2021,64,752.387588,14.86931992,0.605787108,376.193794,7.43465996,0.302893554,752.387588,14.86931992,0.605787108
65,3/7/2021,65,752.387588,14.86931992,0.605787108,376.193794,7.43465996,0.302893554,752.387588,14.86931992,0.605787108
66,3/8/2021,66,752.387588,14.86931992,0.605787108,376.193794,7.43465996,0.302893554,752.387588,14.86931992,0.605787108
67,3/9/2021,67,752.387588,14.86931992,0.605787108,376.193794,7.43465996,0.302893554,752.387588,14.86931992,0.605787108
68,3/10/2021,68,752.387588,14.86931992,0.605787108,376.193794,7.43465996,0.302893554,752.387588,14.86931992,0.605787108
69,3/11/2021,69,752.387588,14.86931992,0.605787108,376.193794,7.43465996,0.302893554,752.387588,14.86931992,0.605787108
70,3/12/2021,70,752.387588,14.86931992,0.605787108,376.193794,7.43465996,0.302893554,752.387588,14.86931992,0.605787108
71,3/13/2021,71,752.387588,14.86931992,0.605787108,376.193794,7.43465996,0.302893554,752.387588,14.86931992,0.605787108
72,3/14/2021,72,752.387588,14.86931992,0.605787108,376.193794,7.43465996,0.302893554,752.387588,14.86931992,0.605787108
73,3/15/2021,73,752.387588,14.86931992,0.605787108,376.193794,7.43465996,0.302893554,752.387588,14.86931992,0.605787108
74,3/16/2021,74,752.387588,14.86931992,0.605787108,376.193794,7.43465996,0.302893554,752.387588,14.86931992,0.605787108
75,3/17/2021,75,752.387588,14.86931992,0.605787108,376.193794,7.43465996,0.302893554,752.387588,14.86931992,0.605787108
76,3/18/2021,76,752.387588,14.86931992,0.605787108,376.193794,7.43465996,0.302893554,752.387588,14.86931992,0.605787108
77,3/19/2021,77,752.387588,14.86931992,0.605787108,376.193794,7.43465996,0.302893554,752.387588,14.86931992,0.605787108
78,3/20/2021,78,752.387588,14.86931992,0.605787108,376.193794,7.43465996,0.302893554,752.387588,14.86931992,0.605787108
79,3/21/2021,79,752.387588,14.86931992,0.605787108,376.193794,7.43465996,0.302893554,752.387588,14.86931992,0.605787108
80,3/22/2021,80,752.387588,14.86931992,0.605787108,376.193794,7.43465996,0.302893554,752.387588,14.86931992,0.605787108
81,3/23/2021,81,752.387588,14.86931992,0.605787108,376.193794,7.43465996,0.302893554,752.387588,14.86931992,0.605787108
82,3/24/2021,82,752.387588,14.86931992,0.605787108,376.193794,7.43465996,0.302893554,752.387588,14.86931992,0.605787108
83,3/25/2021,83,752.387588,14.86931992,0.605787108,376.193794,7.43465996,0.302893554,752.387588,14.86931992,0.605787108
84,3/26/2021,84,752.387588,14.86931992,0.605787108,376.193794,7.43465996,0.302893554,752.387588,14.86931992,0.605787108
85,3/27/2021,85,752.387588,14.86931992,0.605787108,376.193794,7.43465996,0.302893554,752.387588,14.86931992,0.605787108
86,3/28/2021,86,752.387588,14.86931992,0.605787108,376.193794,7.43465996,0.302893554,752.387588,14.86931992,0.605787108
87,3/29/2021,87,752.387588,14.86931992,0.605787108,376.193794,7.43465996,0.302893554,752.387588,14.86931992,0.605787108
88,3/30/2021,88,752.387588,14.86931992,0.605787108,376.193794,7.43465996,0.302893554,752.387588,14.86931992,0.605787108
89,3/31/2021,89,752.387588,14.86931992,0.605787108,376.193794,7.43465996,0.302893554,752.387588,14.86931992,0.605787108
90,4/1/2021,90,752.387588,14.86931992,0.605787108,376.193794,7.43465996,0.302893554,752.387588,14.86931992,0.605787108
91,4/2/2021,91,752.387588,14.86931992,0.605787108,376.193794,7.43465996,0.302893554,752.387588,14.86931992,0.605787108
92,4/3/2021,92,752.387588,14.86931992,0.605787108,376.193794,7.43465996,0.302893554,752.387588,14.86931992,0.605787108
93,4/4/2021,93,752.387588,14.86931992,0.605787108,376.193794,7.43465996,0.302893554,752.387588,14.86931992,0.605787108
94,4/5/2021,94,752.387588,14.86931992,0.605787108,376.193794,7.43465996,0.302893554,752.387588,14.86931992,0.605787108
95,4/6/2021,95,752.387588,14.86931992,0.605787108,376.193794,7.43465996,0.302893554,752.387588,14.86931992,0.605787108
96,4/7/2021,96,752.387588,14.86931992,0.605787108,376.193794,7.43465996,0.302893554,752.387588,14.86931992,0.605787108
97,4/8/2021,97,752.387588,14.86931992,0.605787108,376.193794,7.43465996,0.302893554,752.387588,14.86931992,0.605787108
98,4/9/2021,98,752.387588,14.86931992,0.605787108,376.193794,7.43465996,0.302893554,752.387588,14.86931992,0.605787108
99,4/10/2021,99,752.387588,14.86931992,0.605787108,376.193794,7.43465996,0.302893554,752.387588,14.86931992,0.605787108
100,4/11/2021,100,752.387588,14.86931992,0.605787108,376.193794,7.43465996,0.302893554,752.387588,14.86931992,0.605787108
101,4/12/2021,101,752.387588,14.86931992,0.605787108,376.193794,7.43465996,0.302893554,752.387588,14.86931992,0.605787108
102,4/13/2021,102,752.387588,14.86931992,0.605787108,376.193794,7.43465996,0.302893554,752.387588,14.86931992,0.605787108
103,4/14/2021,103,752.387588,14.86931992,0.605787108,376.193794,7.43465996,0.302893554,752.387588,14.86931992,0.605787108
104,4/15/2021,104,752.387588,14.86931992,0.605787108,376.193794,7.43465996,0.302893554,752.387588,14.86931992,0.605787108
105,4/16/2021,105,752.387588,14.86931992,0.605787108,376.193794,7.43465996,0.302893554,752.387588,14.86931992,0.605787108
106,4/17/2021,106,752.387588,14.86931992,0.605787108,376.193794,7.43465996,0.302893554,752.387588,14.86931992,0.605787108
107,4/18/2021,107,752.387588,14.86931992,0.605787108,376.193794,7.43465996,0.302893554,752.387588,14.86931992,0.605787108
108,4/19/2021,108,752.387588,14.86931992,0.605787108,376.193794,7.43465996,0.302893554,752.387588,14.86931992,0.605787108
109,4/20/2021,109,752.387588,14.86931992,0.605787108,376.193794,7.43465996,0.302893554,752.387588,14.86931992,0.605787108
110,4/21/2021,110,752.387588,14.86931992,0.605787108,376.193794,7.43465996,0.302893554,752.387588,14.86931992,0.605787108
111,4/22/2021,111,752.387588,14.86931992,0.605787108,376.193794,7.43465996,0.302893554,752.387588,14.86931992,0.605787108
112,4/23/2021,112,752.387588,14.86931992,0.605787108,376.193794,7.43465996,0.302893554,752.387588,14.86931992,0.605787108
113,4/24/2021,113,752.387588,14.86931992,0.605787108,376.193794,7.43465996,0.302893554,752.387588,14.86931992,0.605787108
114,4/25/2021,114,752.387588,14.86931992,0.605787108,376.193794,7.43465996,0.302893554,752.387588,14.86931992,0.605787108
115,4/26/2021,115,752.387588,14.86931992,0.605787108,376.193794,7.43465996,0.302893554,752.387588,14.86931992,0.605787108
116,4/27/2021,116,752.387588,14.86931992,0.605787108,376.193794,7.43465996,0.302893554,752.387588,14.86931992,0.605787108
117,4/28/2021,117,752.387588,14.86931992,0.605787108,376.193794,7.43465996,0.302893554,752.387588,14.86931992,0.605787108
118,4/29/2021,118,752.387588,14.86931992,0.605787108,376.193794,7.43465996,0.302893554,752.387588,14.86931992,0.605787108
119,4/30/2021,119,752.387588,14.86931992,0.605787108,376.193794,7.43465996,0.302893554,752.387588,14.86931992,0.605787108
120,5/1/2021,120,752.387588,14.86931992,0.605787108,376.193794,7.43465996,0.302893554,752.387588,14.86931992,0.605787108
121,5/2/2021,121,752.387588,14.86931992,0.605787108,376.193794,7.43465996,0.302893554,752.387588,14.86931992,0.605787108
122,5/3/2021,122,752.387588,14.86931992,0.605787108,376.193794,7.43465996,0.302893554,752.387588,14.86931992,0.605787108
123,5/4/2021,123,752.387588,14.86931992,0.605787108,376.193794,7.43465996,0.302893554,752.387588,14.86931992,0.605787108
124,5/5/2021,124,752.387588,14.86931992,0.605787108,376.193794,7.43465996,0.302893554,752.387588,14.86931992,0.605787108
125,5/6/2021,125,752.387588,14.86931992,0.605787108,376.193794,7.43465996,0.302893554,752.387588,14.86931992,0.605787108
126,5/7/2021,126,752.387588,14.86931992,0.605787108,376.193794,7.43465996,0.302893554,752.387588,14.86931992,0.605787108
127,5/8/2021,127,752.387588,14.86931992,0.605787108,376.193794,7.43465996,0.302893554,752.387588,14.86931992,0.605787108
128,5/9/2021,128,752.387588,14.86931992,0.605787108,376.193794,7.43465996,0.302893554,752.387588,14.86931992,0.605787108
129,5/10/2021,129,752.387588,14.86931992,0.605787108,376.193794,7.43465996,0.302893554,752.387588,14.86931992,0.605787108
130,5/11/2021,130,752.387588,14.86931992,0.605787108,376.193794,7.43465996,0.302893554,752.387588,14.86931992,0.605787108
131,5/12/2021,131,752.387588,14.86931992,0.605787108,376.193794,7.43465996,0.302893554,752.387588,14.86931992,0.605787108
132,5/13/2021,132,752.387588,14.86931992,0.605787108,376.193794,7.43465996,0.302893554,752.387588,14.86931992,0.605787108
133,5/14/2021,133,752.387588,14.86931992,0.605787108,376.193794,7.43465996,0.302893554,752.387588,14.86931992,0.605787108
134,5/15/2021,134,752.387588,14.86931992,0.605787108,376.193794,7.43465996,0.302893554,752.387588,14.86931992,0.605787108
135,5/16/2021,135,752.387588,14.86931992,0.605787108,376.193794,7.43465996,0.302893554,752.387588,14.86931992,0.605787108
136,5/17/2021,136,752.387588,14.86931992,0.605787108,376.193794,7.43465996,0.302893554,752.387588,14.86931992,0.605787108
137,5/18/2021,137,752.387588,14.86931992,0.605787108,376.193794,7.43465996,0.302893554,752.387588,14.86931992,0.605787108
138,5/19/2021,138,752.387588,14.86931992,0.605787108,376.193794,7.43465996,0.302893554,752.387588,14.86931992,0.605787108
139,5/20/2021,139,752.387588,14.86931992,0.605787108,376.193794,7.43465996,0.302893554,752.387588,14.86931992,0.605787108
140,5/21/2021,140,752.387588,14.86931992,0.605787108,376.193794,7.43465996,0.302893554,752.387588,14.86931992,0.605787108
141,5/22/2021,141,752.387588,14.86931992,0.605787108,376.193794,7.43465996,0.302893554,752.387588,14.86931992,0.605787108
142,5/23/2021,142,752.387588,14.86931992,0.605787108,376.193794,7.43465996,0.302893554,752.387588,14.86931992,0.605787108
143,5/24/2021,143,752.387588,14.86931992,0.605787108,376.193794,7.43465996,0.302893554,752.387588,14.86931992,0.605787108
144,5/25/2021,144,752.387588,14.86931992,0.605787108,376.193794,7.43465996,0.302893554,752.387588,14.86931992,0.605787108
145,5/26/2021,145,752.387588,14.86931992,0.605787108,376.193794,7.43465996,0.302893554,752.387588,14.86931992,0.605787108
146,5/27/2021,146,752.387588,14.86931992,0.605787108,376.193794,7.43465996,0.302893554,752.387588,14.86931992,0.605787108
147,5/28/2021,147,752.387588,14.86931992,0.605787108,376.193794,7.43465996,0.302893554,752.387588,14.86931992,0.605787108
148,5/29/2021,148,752.387588,14.86931992,0.605787108,376.193794,7.43465996,0.302893554,752.387588,14.86931992,0.605787108
149,5/30/2021,149,752.387588,14.86931992,0.605787108,376.193794,7.43465996,0.302893554,752.387588,14.86931992,0.605787108
150,5/31/2021,150,752.387588,14.86931992,0.605787108,376.193794,7.43465996,0.302893554,752.387588,14.86931992,0.605787108
151,6/1/2021,151,752.387588,14.86931992,0.605787108,376.193794,7.43465996,0.302893554,752.387588,14.86931992,0.605787108
152,6/2/2021,152,752.387588,14.86931992,0.605787108,376.193794,7.43465996,0.302893554,752.387588,14.86931992,0.605787108
153,6/3/2021,153,752.387588,14.86931992,0.605787108,376.193794,7.43465996,0.302893554,752.387588,14.86931992,0.605787108
154,6/4/2021,154,752.387588,14.86931992,0.605787108,376.193794,7.43465996,0.302893554,752.387588,14.86931992,0.605787108
155,6/5/2021,155,752.387588,14.86931992,0.605787108,376.193794,7.43465996,0.302893554,752.387588,14.86931992,0.605787108
156,6/6/2021,156,752.387588,14.86931992,0.605787108,376.193794,7.43465996,0.302893554,752.387588,14.86931992,0.605787108
157,6/7/2021,157,752.387588,14.86931992,0.605787108,376.193794,7.43465996,0.302893554,752.387588,14.86931992,0.605787108
158,6/8/2021,158,752.387588,14.86931992,0.605787108,376.193794,7.43465996,0.302893554,752.387588,14.86931992,0.605787108
159,6/9/2021,159,752.387588,14.86931992,0.605787108,376.193794,7.43465996,0.302893554,752.387588,14.86931992,0.605787108
160,6/10/2021,160,752.387588,14.86931992,0.605787108,376.193794,7.43465996,0.302893554,752.387588,14.86931992,0.605787108
161,6/11/2021,161,752.387588,14.86931992,0.605787108,376.193794,7.43465996,0.302893554,752.387588,14.86931992,0.605787108
162,6/12/2021,162,752.387588,14.86931992,0.605787108,376.193794,7.43465996,0.302893554,752.387588,14.86931992,0.605787108
163,6/13/2021,163,752.387588,14.86931992,0.605787108,376.193794,7.43465996,0.302893554,752.387588,14.86931992,0.605787108
164,6/14/2021,164,752.387588,14.86931992,0.605787108,376.193794,7.43465996,0.302893554,752.387588,14.86931992,0.605787108
165,6/15/2021,165,752.387588,14.86931992,0.605787108,376.193794,7.43465996,0.302893554,752.387588,14.86931992,0.605787108
166,6/16/2021,166,752.387588,14.86931992,0.605787108,376.193794,7.43465996,0.302893554,752.387588,14.86931992,0.605787108
167,6/17/2021,167,752.387588,14.86931992,0.605787108,376.193794,7.43465996,0.302893554,752.387588,14.86931992,0.605787108
168,6/18/2021,168,752.387588,14.86931992,0.605787108,376.193794,7.43465996,0.302893554,752.387588,14.86931992,0.605787108
169,6/19/2021,169,752.387588,14.86931992,0.605787108,376.193794,7.43465996,0.302893554,752.387588,14.86931992,0.605787108
170,6/20/2021,170,752.387588,14.86931992,0.605787108,376.193794,7.43465996,0.302893554,752.387588,14.86931992,0.605787108
171,6/21/2021,171,752.387588,14.86931992,0.605787108,376.193794,7.43465996,0.302893554,752.387588,14.86931992,0.605787108
172,6/22/2021,172,752.387588,14.86931992,0.605787108,376.193794,7.43465996,0.302893554,752.387588,14.86931992,0.605787108
173,6/23/2021,173,752.387588,14.86931992,0.605787108,376.193794,7.43465996,0.302893554,752.387588,14.86931992,0.605787108
174,6/24/2021,174,752.387588,14.86931992,0.605787108,376.193794,7.43465996,0.302893554,752.387588,14.86931992,0.605787108
175,6/25/2021,175,752.387588,14.86931992,0.605787108,376.193794,7.43465996,0.302893554,752.387588,14.86931992,0.605787108
176,6/26/2021,176,752.387588,14.86931992,0.605787108,376.193794,7.43465996,0.302893554,752.387588,14.86931992,0.605787108
177,6/27/2021,177,752.387588,14.86931992,0.605787108,376.193794,7.43465996,0.302893554,752.387588,14.86931992,0.605787108
178,6/28/2021,178,752.387588,14.86931992,0.605787108,376.193794,7.43465996,0.302893554,752.387588,14.86931992,0.605787108
179,6/29/2021,179,752.387588,14.86931992,0.605787108,376.193794,7.43465996,0.302893554,752.387588,14.86931992,0.605787108
180,6/30/2021,180,752.387588,14.86931992,0.605787108,376.193794,7.43465996,0.302893554,752.387588,14.86931992,0.605787108
181,7/1/2021,181,752.387588,14.86931992,0.605787108,376.193794,7.43465996,0.302893554,752.387588,14.86931992,0.605787108
182,7/2/2021,182,752.387588,14.86931992,0.605787108,376.193794,7.43465996,0.302893554,752.387588,14.86931992,0.605787108
183,7/3/2021,183,752.387588,14.86931992,0.605787108,376.193794,7.43465996,0.302893554,752.387588,14.86931992,0.605787108
184,7/4/2021,184,752.387588,14.86931992,0.605787108,376.193794,7.43465996,0.302893554,752.387588,14.86931992,0.605787108
185,7/5/2021,185,752.387588,14.86931992,0.605787108,376.193794,7.43465996,0.302893554,752.387588,14.86931992,0.605787108
186,7/6/2021,186,752.387588,14.86931992,0.605787108,376.193794,7.43465996,0.302893554,752.387588,14.86931992,0.605787108
187,7/7/2021,187,752.387588,14.86931992,0.605787108,376.193794,7.43465996,0.302893554,752.387588,14.86931992,0.605787108
188,7/8/2021,188,752.387588,14.86931992,0.605787108,376.193794,7.43465996,0.302893554,752.387588,14.86931992,0.605787108
189,7/9/2021,189,752.387588,14.86931992,0.605787108,376.193794,7.43465996,0.302893554,752.387588,14.86931992,0.605787108
190,7/10/2021,190,752.387588,14.86931992,0.605787108,376.193794,7.43465996,0.302893554,752.387588,14.86931992,0.605787108
191,7/11/2021,191,752.387588,14.86931992,0.605787108,376.193794,7.43465996,0.302893554,752.387588,14.86931992,0.605787108
192,7/12/2021,192,752.387588,14.86931992,0.605787108,376.193794,7.43465996,0.302893554,752.387588,14.86931992,0.605787108
193,7/13/2021,193,752.387588,14.86931992,0.605787108,376.193794,7.43465996,0.302893554,752.387588,14.86931992,0.605787108
194,7/14/2021,194,752.387588,14.86931992,0.605787108,376.193794,7.43465996,0.302893554,752.387588,14.86931992,0.605787108
195,7/15/2021,195,752.387588,14.86931992,0.605787108,376.193794,7.43465996,0.302893554,752.387588,14.86931992,0.605787108
196,7/16/2021,196,752.387588,14.86931992,0.605787108,376.193794,7.43465996,0.302893554,752.387588,14.86931992,0.605787108
197,7/17/2021,197,752.387588,14.86931992,0.605787108,376.193794,7.43465996,0.302893554,752.387588,14.86931992,0.605787108
198,7/18/2021,198,752.387588,14.86931992,0.605787108,376.193794,7.43465996,0.302893554,752.387588,14.86931992,0.605787108
199,7/19/2021,199,752.387588,14.86931992,0.605787108,376.193794,7.43465996,0.302893554,752.387588,14.86931992,0.605787108
200,7/20/2021,200,752.387588,14.86931992,0.605787108,376.193794,7.43465996,0.302893554,752.387588,14.86931992,0.605787108
201,7/21/2021,201,752.387588,14.86931992,0.605787108,376.193794,7.43465996,0.302893554,752.387588,14.86931992,0.605787108
202,7/22/2021,202,752.387588,14.86931992,0.605787108,376.193794,7.43465996,0.302893554,752.387588,14.86931992,0.605787108
203,7/23/2021,203,752.387588,14.86931992,0.605787108,376.193794,7.43465996,0.302893554,752.387588,14.86931992,0.605787108
204,7/24/2021,204,752.387588,14.86931992,0.605787108,376.193794,7.43465996,0.302893554,752.387588,14.86931992,0.605787108
205,7/25/2021,205,752.387588,14.86931992,0.605787108,376.193794,7.43465996,0.302893554,752.387588,14.86931992,0.605787108
206,7/26/2021,206,752.387588,14.86931992,0.605787108,376.193794,7.43465996,0.302893554,752.387588,14.86931992,0.605787108
207,7/27/2021,207,752.387588,14.86931992,0.605787108,376.193794,7.43465996,0.302893554,752.387588,14.86931992,0.605787108
208,7/28/2021,208,752.387588,14.86931992,0.605787108,376.193794,7.43465996,0.302893554,752.387588,14.86931992,0.605787108
209,7/29/2021,209,752.387588,14.86931992,0.605787108,376.193794,7.43465996,0.302893554,752.387588,14.86931992,0.605787108
210,7/30/2021,210,752.387588,14.86931992,0.605787108,376.193794,7.43465996,0.302893554,752.387588,14.86931992,0.605787108
211,7/31/2021,211,752.387588,14.86931992,0.605787108,376.193794,7.43465996,0.302893554,752.387588,14.86931992,0.605787108
212,8/1/2021,212,752.387588,14.86931992,0.605787108,376.193794,7.43465996,0.302893554,752.387588,14.86931992,0.605787108
213,8/2/2021,213,752.387588,14.86931992,0.605787108,376.193794,7.43465996,0.302893554,752.387588,14.86931992,0.605787108
214,8/3/2021,214,752.387588,14.86931992,0.605787108,376.193794,7.43465996,0.302893554,752.387588,14.86931992,0.605787108
215,8/4/2021,215,752.387588,14.86931992,0.605787108,376.193794,7.43465996,0.302893554,752.387588,14.86931992,0.605787108
216,8/5/2021,216,752.387588,14.86931992,0.605787108,376.193794,7.43465996,0.302893554,752.387588,14.86931992,0.605787108
217,8/6/2021,217,752.387588,14.86931992,0.605787108,376.193794,7.43465996,0.302893554,752.387588,14.86931992,0.605787108
218,8/7/2021,218,752.387588,14.86931992,0.605787108,376.193794,7.43465996,0.302893554,752.387588,14.86931992,0.605787108
219,8/8/2021,219,752.387588,14.86931992,0.605787108,376.193794,7.43465996,0.302893554,752.387588,14.86931992,0.605787108
220,8/9/2021,220,752.387588,14.86931992,0.605787108,376.193794,7.43465996,0.302893554,752.387588,14.86931992,0.605787108
221,8/10/2021,221,752.387588,14.86931992,0.605787108,376.193794,7.43465996,0.302893554,752.387588,14.86931992,0.605787108
222,8/11/2021,222,752.387588,14.86931992,0.605787108,376.193794,7.43465996,0.302893554,752.387588,14.86931992,0.605787108
223,8/12/2021,223,752.387588,14.86931992,0.605787108,376.193794,7.43465996,0.302893554,752.387588,14.86931992,0.605787108
224,8/13/2021,224,752.387588,14.86931992,0.605787108,376.193794,7.43465996,0.302893554,752.387588,14.86931992,0.605787108
225,8/14/2021,225,752.387588,14.86931992,0.605787108,376.193794,7.43465996,0.302893554,752.387588,14.86931992,0.605787108
226,8/15/2021,226,752.387588,14.86931992,0.605787108,376.193794,7.43465996,0.302893554,752.387588,14.86931992,0.605787108
227,8/16/2021,227,752.387588,14.86931992,0.605787108,376.193794,7.43465996,0.302893554,752.387588,14.86931992,0.605787108
228,8/17/2021,228,752.387588,14.86931992,0.605787108,376.193794,7.43465996,0.302893554,752.387588,14.86931992,0.605787108
229,8/18/2021,229,752.387588,14.86931992,0.605787108,376.193794,7.43465996,0.302893554,752.387588,14.86931992,0.605787108
230,8/19/2021,230,752.387588,14.86931992,0.605787108,376.193794,7.43465996,0.302893554,752.387588,14.86931992,0.605787108
231,8/20/2021,231,752.387588,14.86931992,0.605787108,376.193794,7.43465996,0.302893554,752.387588,14.86931992,0.605787108
232,8/21/2021,232,752.387588,14.86931992,0.605787108,376.193794,7.43465996,0.302893554,752.387588,14.86931992,0.605787108
233,8/22/2021,233,752.387588,14.86931992,0.605787108,376.193794,7.43465996,0.302893554,752.387588,14.86931992,0.605787108
234,8/23/2021,234,752.387588,14.86931992,0.605787108,376.193794,7.43465996,0.302893554,752.387588,14.86931992,0.605787108
235,8/24/2021,235,752.387588,14.86931992,0.605787108,376.193794,7.43465996,0.302893554,752.387588,14.86931992,0.605787108
236,8/25/2021,236,752.387588,14.86931992,0.605787108,376.193794,7.43465996,0.302893554,752.387588,14.86931992,0.605787108
237,8/26/2021,237,752.387588,14.86931992,0.605787108,376.193794,7.43465996,0.302893554,752.387588,14.86931992,0.605787108
238,8/27/2021,238,752.387588,14.86931992,0.605787108,376.193794,7.43465996,0.302893554,752.387588,14.86931992,0.605787108
239,8/28/2021,239,752.387588,14.86931992,0.605787108,376.193794,7.43465996,0.302893554,752.387588,14.86931992,0.605787108
240,8/29/2021,240,752.387588,14.86931992,0.605787108,376.193794,7.43465996,0.302893554,752.387588,14.86931992,0.605787108
241,8/30/2021,241,752.387588,14.86931992,0.605787108,376.193794,7.43465996,0.302893554,752.387588,14.86931992,0.605787108
242,8/31/2021,242,752.387588,14.86931992,0.605787108,376.193794,7.43465996,0.302893554,752.387588,14.86931992,0.605787108
243,9/1/2021,243,752.387588,14.86931992,0.605787108,376.193794,7.43465996,0.302893554,752.387588,14.86931992,0.605787108
244,9/2/2021,244,752.387588,14.86931992,0.605787108,376.193794,7.43465996,0.302893554,752.387588,14.86931992,0.605787108
245,9/3/2021,245,752.387588,14.86931992,0.605787108,376.193794,7.43465996,0.302893554,752.387588,14.86931992,0.605787108
246,9/4/2021,246,752.387588,14.86931992,0.605787108,376.193794,7.43465996,0.302893554,752.387588,14.86931992,0.605787108
247,9/5/2021,247,752.387588,14.86931992,0.605787108,376.193794,7.43465996,0.302893554,752.387588,14.86931992,0.605787108
248,9/6/2021,248,752.387588,14.86931992,0.605787108,376.193794,7.43465996,0.302893554,752.387588,14.86931992,0.605787108
249,9/7/2021,249,752.387588,14.86931992,0.605787108,376.193794,7.43465996,0.302893554,752.387588,14.86931992,0.605787108
250,9/8/2021,250,752.387588,14.86931992,0.605787108,376.193794,7.43465996,0.302893554,752.387588,14.86931992,0.605787108
251,9/9/2021,251,752.387588,14.86931992,0.605787108,376.193794,7.43465996,0.302893554,752.387588,14.86931992,0.605787108
252,9/10/2021,252,752.387588,14.86931992,0.605787108,376.193794,7.43465996,0.302893554,752.387588,14.86931992,0.605787108
253,9/11/2021,253,752.387588,14.86931992,0.605787108,376.193794,7.43465996,0.302893554,752.387588,14.86931992,0.605787108
254,9/12/2021,254,752.387588,14.86931992,0.605787108,376.193794,7.43465996,0.302893554,752.387588,14.86931992,0.605787108
255,9/13/2021,255,752.387588,14.86931992,0.605787108,376.193794,7.43465996,0.302893554,752.387588,14.86931992,0.605787108
256,9/14/2021,256,752.387588,14.86931992,0.605787108,376.193794,7.43465996,0.302893554,752.387588,14.86931992,0.605787108
257,9/15/2021,257,752.387588,14.86931992,0.605787108,376.193794,7.43465996,0.302893554,752.387588,14.86931992,0.605787108
258,9/16/2021,258,752.387588,14.86931992,0.605787108,376.193794,7.43465996,0.302893554,752.387588,14.86931992,0.605787108
259,9/17/2021,259,752.387588,14.86931992,0.605787108,376.193794,7.43465996,0.302893554,752.387588,14.86931992,0.605787108
260,9/18/2021,260,752.387588,14.86931992,0.605787108,376.193794,7.43465996,0.302893554,752.387588,14.86931992,0.605787108
261,9/19/2021,261,752.387588,14.86931992,0.605787108,376.193794,7.43465996,0.302893554,752.387588,14.86931992,0.605787108
262,9/20/2021,262,752.387588,14.86931992,0.605787108,376.193794,7.43465996,0.302893554,752.387588,14.86931992,0.605787108
263,9/21/2021,263,752.387588,14.86931992,0.605787108,376.193794,7.43465996,0.302893554,752.387588,14.86931992,0.605787108
264,9/22/2021,264,752.387588,14.86931992,0.605787108,376.193794,7.43465996,0.302893554,752.387588,14.86931992,0.605787108
265,9/23/2021,265,752.387588,14.86931992,0.605787108,376.193794,7.43465996,0.302893554,752.387588,14.86931992,0.605787108
266,9/24/2021,266,752.387588,14.86931992,0.605787108,376.193794,7.43465996,0.302893554,752.387588,14.86931992,0.605787108
267,9/25/2021,267,752.387588,14.86931992,0.605787108,376.193794,7.43465996,0.302893554,752.387588,14.86931992,0.605787108
268,9/26/2021,268,752.387588,14.86931992,0.605787108,376.193794,7.43465996,0.302893554,752.387588,14.86931992,0.605787108
269,9/27/2021,269,752.387588,14.86931992,0.605787108,376.193794,7.43465996,0.302893554,752.387588,14.86931992,0.605787108
270,9/28/2021,270,752.387588,14.86931992,0.605787108,376.193794,7.43465996,0.302893554,752.387588,14.86931992,0.605787108
271,9/29/2021,271,752.387588,14.86931992,0.605787108,376.193794,7.43465996,0.302893554,752.387588,14.86931992,0.605787108
272,9/30/2021,272,752.387588,14.86931992,0.605787108,376.193794,7.43465996,0.302893554,752.387588,14.86931992,0.605787108
273,10/1/2021,273,752.387588,14.86931992,0.605787108,376.193794,7.43465996,0.302893554,752.387588,14.86931992,0.605787108
274,10/2/2021,274,802.5467605,15.86060791,0.646172915,401.2733803,7.930303957,0.323086458,802.5467605,15.86060791,0.646172915
275,10/3/2021,275,852.7059331,16.85189591,0.686558722,426.3529665,8.425947955,0.343279361,852.7059331,16.85189591,0.686558722
276,10/4/2021,276,902.8651056,17.8431839,0.72694453,451.4325528,8.921591952,0.363472265,902.8651056,17.8431839,0.72694453
277,10/5/2021,277,953.0242781,18.8344719,0.767330337,476.5121391,9.417235949,0.383665168,953.0242781,18.8344719,0.767330337
278,10/6/2021,278,1003.183451,19.82575989,0.807716144,501.5917253,9.912879947,0.403858072,1003.183451,19.82575989,0.807716144
279,10/7/2021,279,1053.342623,20.81704789,0.848101951,526.6713116,10.40852394,0.424050976,1053.342623,20.81704789,0.848101951
280,10/8/2021,280,1103.501796,21.80833588,0.888487758,551.7508979,10.90416794,0.444243879,1103.501796,21.80833588,0.888487758
281,10/9/2021,281,1153.660968,22.79962388,0.928873566,576.8304841,11.39981194,0.464436783,1153.660968,22.79962388,0.928873566
282,10/10/2021,282,1203.820141,23.79091187,0.969259373,601.9100704,11.89545594,0.484629686,1203.820141,23.79091187,0.969259373
283,10/11/2021,283,1253.979313,24.78219987,1.00964518,626.9896567,12.39109993,0.50482259,1253.979313,24.78219987,1.00964518
284,10/12/2021,284,1304.138486,25.77348786,1.050030987,652.0692429,12.88674393,0.525015494,1304.138486,25.77348786,1.050030987
285,10/13/2021,285,1354.297658,26.76477586,1.090416794,677.1488292,13.38238793,0.545208397,1354.297658,26.76477586,1.090416794
286,10/14/2021,286,1404.456831,27.75606385,1.130802602,702.2284155,13.87803193,0.565401301,1404.456831,27.75606385,1.130802602
287,10/15/2021,287,1454.616003,28.74735185,1.171188409,727.3080017,14.37367592,0.585594204,1454.616003,28.74735185,1.171188409
288,10/16/2021,288,1504.775176,29.73863984,1.211574216,752.387588,14.86931992,0.605787108,1504.775176,29.73863984,1.211574216
289,10/17/2021,289,1460.517083,28.86397396,1.17593968,730.2585413,14.43198698,0.58796984,1460.517083,28.86397396,1.17593968
290,10/18/2021,290,1416.258989,27.98930808,1.140305144,708.1294946,13.99465404,0.570152572,1416.258989,27.98930808,1.140305144
291,10/19/2021,291,1372.000896,27.11464221,1.104670609,686.0004479,13.5573211,0.552335304,1372.000896,27.11464221,1.104670609
292,10/20/2021,292,1327.742802,26.23997633,1.069036073,663.8714012,13.11998816,0.534518036,1327.742802,26.23997633,1.069036073
293,10/21/2021,293,1283.484709,25.36531045,1.033401537,641.7423545,12.68265523,0.516700769,1283.484709,25.36531045,1.033401537
294,10/22/2021,294,1239.226616,24.49064457,0.997767001,619.6133078,12.24532229,0.498883501,1239.226616,24.49064457,0.997767001
295,10/23/2021,295,1194.968522,23.6159787,0.962132466,597.4842611,11.80798935,0.481066233,1194.968522,23.6159787,0.962132466
296,10/24/2021,296,1150.710429,22.74131282,0.92649793,575.3552144,11.37065641,0.463248965,1150.710429,22.74131282,0.92649793
297,10/25/2021,297,1106.452335,21.86664694,0.890863394,553.2261676,10.93332347,0.445431697,1106.452335,21.86664694,0.890863394
298,10/26/2021,298,1062.194242,20.99198106,0.855228858,531.0971209,10.49599053,0.427614429,1062.194242,20.99198106,0.855228858
299,10/27/2021,299,1017.936148,20.11731519,0.819594323,508.9680742,10.05865759,0.409797161,1017.936148,20.11731519,0.819594323
300,10/28/2021,300,973.6780551,19.24264931,0.783959787,486.8390275,9.621324654,0.391979893,973.6780551,19.24264931,0.783959787
301,10/29/2021,301,929.4199616,18.36798343,0.748325251,464.7099808,9.183991715,0.374162626,929.4199616,18.36798343,0.748325251
302,10/30/2021,302,885.1618682,17.49331755,0.712690715,442.5809341,8.746658776,0.356345358,885.1618682,17.49331755,0.712690715
303,10/31/2021,303,840.9037748,16.61865168,0.67705618,420.4518874,8.309325838,0.33852809,840.9037748,16.61865168,0.67705618
304,11/1/2021,304,796.6456814,15.7439858,0.641421644,398.3228407,7.871992899,0.320710822,796.6456814,15.7439858,0.641421644
305,11/2/2021,305,752.387588,14.86931992,0.605787108,376.193794,7.43465996,0.302893554,752.387588,14.86931992,0.605787108
306,11/3/2021,306,752.387588,14.86931992,0.605787108,376.193794,7.43465996,0.302893554,752.387588,14.86931992,0.605787108
307,11/4/2021,307,752.387588,14.86931992,0.605787108,376.193794,7.43465996,0.302893554,752.387588,14.86931992,0.605787108
308,11/5/2021,308,752.387588,14.86931992,0.605787108,376.193794,7.43465996,0.302893554,752.387588,14.86931992,0.605787108
309,11/6/2021,309,752.387588,14.86931992,0.605787108,376.193794,7.43465996,0.302893554,752.387588,14.86931992,0.605787108
310,11/7/2021,310,752.387588,14.86931992,0.605787108,376.193794,7.43465996,0.302893554,752.387588,14.86931992,0.605787108
311,11/8/2021,311,752.387588,14.86931992,0.605787108,376.193794,7.43465996,0.302893554,752.387588,14.86931992,0.605787108
312,11/9/2021,312,752.387588,14.86931992,0.605787108,376.193794,7.43465996,0.302893554,752.387588,14.86931992,0.605787108
313,11/10/2021,313,752.387588,14.86931992,0.605787108,376.193794,7.43465996,0.302893554,752.387588,14.86931992,0.605787108
314,11/11/2021,314,752.387588,14.86931992,0.605787108,376.193794,7.43465996,0.302893554,752.387588,14.86931992,0.605787108
315,11/12/2021,315,752.387588,14.86931992,0.605787108,376.193794,7.43465996,0.302893554,752.387588,14.86931992,0.605787108
316,11/13/2021,316,752.387588,14.86931992,0.605787108,376.193794,7.43465996,0.302893554,752.387588,14.86931992,0.605787108
317,11/14/2021,317,752.387588,14.86931992,0.605787108,376.193794,7.43465996,0.302893554,752.387588,14.86931992,0.605787108
318,11/15/2021,318,752.387588,14.86931992,0.605787108,376.193794,7.43465996,0.302893554,752.387588,14.86931992,0.605787108
319,11/16/2021,319,752.387588,14.86931992,0.605787108,376.193794,7.43465996,0.302893554,752.387588,14.86931992,0.605787108
320,11/17/2021,320,752.387588,14.86931992,0.605787108,376.193794,7.43465996,0.302893554,752.387588,14.86931992,0.605787108
321,11/18/2021,321,752.387588,14.86931992,0.605787108,376.193794,7.43465996,0.302893554,752.387588,14.86931992,0.605787108
322,11/19/2021,322,752.387588,14.86931992,0.605787108,376.193794,7.43465996,0.302893554,752.387588,14.86931992,0.605787108
323,11/20/2021,323,752.387588,14.86931992,0.605787108,376.193794,7.43465996,0.302893554,752.387588,14.86931992,0.605787108
324,11/21/2021,324,752.387588,14.86931992,0.605787108,376.193794,7.43465996,0.302893554,752.387588,14.86931992,0.605787108
325,11/22/2021,325,752.387588,14.86931992,0.605787108,376.193794,7.43465996,0.302893554,752.387588,14.86931992,0.605787108
326,11/23/2021,326,752.387588,14.86931992,0.605787108,376.193794,7.43465996,0.302893554,752.387588,14.86931992,0.605787108
327,11/24/2021,327,752.387588,14.86931992,0.605787108,376.193794,7.43465996,0.302893554,752.387588,14.86931992,0.605787108
328,11/25/2021,328,752.387588,14.86931992,0.605787108,376.193794,7.43465996,0.302893554,752.387588,14.86931992,0.605787108
329,11/26/2021,329,752.387588,14.86931992,0.605787108,376.193794,7.43465996,0.302893554,752.387588,14.86931992,0.605787108
330,11/27/2021,330,752.387588,14.86931992,0.605787108,376.193794,7.43465996,0.302893554,752.387588,14.86931992,0.605787108
331,11/28/2021,331,752.387588,14.86931992,0.605787108,376.193794,7.43465996,0.302893554,752.387588,14.86931992,0.605787108
332,11/29/2021,332,752.387588,14.86931992,0.605787108,376.193794,7.43465996,0.302893554,752.387588,14.86931992,0.605787108
333,11/30/2021,333,752.387588,14.86931992,0.605787108,376.193794,7.43465996,0.302893554,752.387588,14.86931992,0.605787108
334,12/1/2021,334,752.387588,14.86931992,0.605787108,376.193794,7.43465996,0.302893554,752.387588,14.86931992,0.605787108
335,12/2/2021,335,752.387588,14.86931992,0.605787108,376.193794,7.43465996,0.302893554,752.387588,14.86931992,0.605787108
336,12/3/2021,336,752.387588,14.86931992,0.605787108,376.193794,7.43465996,0.302893554,752.387588,14.86931992,0.605787108
337,12/4/2021,337,752.387588,14.86931992,0.605787108,376.193794,7.43465996,0.302893554,752.387588,14.86931992,0.605787108
338,12/5/2021,338,752.387588,14.86931992,0.605787108,376.193794,7.43465996,0.302893554,752.387588,14.86931992,0.605787108
339,12/6/2021,339,752.387588,14.86931992,0.605787108,376.193794,7.43465996,0.302893554,752.387588,14.86931992,0.605787108
340,12/7/2021,340,752.387588,14.86931992,0.605787108,376.193794,7.43465996,0.302893554,752.387588,14.86931992,0.605787108
341,12/8/2021,341,752.387588,14.86931992,0.605787108,376.193794,7.43465996,0.302893554,752.387588,14.86931992,0.605787108
342,12/9/2021,342,752.387588,14.86931992,0.605787108,376.193794,7.43465996,0.302893554,752.387588,14.86931992,0.605787108
343,12/10/2021,343,752.387588,14.86931992,0.605787108,376.193794,7.43465996,0.302893554,752.387588,14.86931992,0.605787108
344,12/11/2021,344,752.387588,14.86931992,0.605787108,376.193794,7.43465996,0.302893554,752.387588,14.86931992,0.605787108
345,12/12/2021,345,752.387588,14.86931992,0.605787108,376.193794,7.43465996,0.302893554,752.387588,14.86931992,0.605787108
346,12/13/2021,346,752.387588,14.86931992,0.605787108,376.193794,7.43465996,0.302893554,752.387588,14.86931992,0.605787108
347,12/14/2021,347,752.387588,14.86931992,0.605787108,376.193794,7.43465996,0.302893554,752.387588,14.86931992,0.605787108
348,12/15/2021,348,752.387588,14.86931992,0.605787108,376.193794,7.43465996,0.302893554,752.387588,14.86931992,0.605787108
349,12/16/2021,349,752.387588,14.86931992,0.605787108,376.193794,7.43465996,0.302893554,752.387588,14.86931992,0.605787108
350,12/17/2021,350,752.387588,14.86931992,0.605787108,376.193794,7.43465996,0.302893554,752.387588,14.86931992,0.605787108
351,12/18/2021,351,752.387588,14.86931992,0.605787108,376.193794,7.43465996,0.302893554,752.387588,14.86931992,0.605787108
352,12/19/2021,352,752.387588,14.86931992,0.605787108,376.193794,7.43465996,0.302893554,752.387588,14.86931992,0.605787108
353,12/20/2021,353,752.387588,14.86931992,0.605787108,376.193794,7.43465996,0.302893554,752.387588,14.86931992,0.605787108
354,12/21/2021,354,752.387588,14.86931992,0.605787108,376.193794,7.43465996,0.302893554,752.387588,14.86931992,0.605787108
355,12/22/2021,355,752.387588,14.86931992,0.605787108,376.193794,7.43465996,0.302893554,752.387588,14.86931992,0.605787108
356,12/23/2021,356,752.387588,14.86931992,0.605787108,376.193794,7.43465996,0.302893554,752.387588,14.86931992,0.605787108
357,12/24/2021,357,752.387588,14.86931992,0.605787108,376.193794,7.43465996,0.302893554,752.387588,14.86931992,0.605787108
358,12/25/2021,358,752.387588,14.86931992,0.605787108,376.193794,7.43465996,0.302893554,752.387588,14.86931992,0.605787108
359,12/26/2021,359,752.387588,14.86931992,0.605787108,376.193794,7.43465996,0.302893554,752.387588,14.86931992,0.605787108
360,12/27/2021,360,752.387588,14.86931992,0.605787108,376.193794,7.43465996,0.302893554,752.387588,14.86931992,0.605787108
361,12/28/2021,361,752.387588,14.86931992,0.605787108,376.193794,7.43465996,0.302893554,752.387588,14.86931992,0.605787108
362,12/29/2021,362,752.387588,14.86931992,0.605787108,376.193794,7.43465996,0.302893554,752.387588,14.86931992,0.605787108
363,12/30/2021,363,752.387588,14.86931992,0.605787108,376.193794,7.43465996,0.302893554,752.387588,14.86931992,0.605787108
364,12/31/2021,364,752.387588,14.86931992,0.605787108,376.193794,7.43465996,0.302893554,752.387588,14.86931992,0.605787108
365,1/1/2022,365,752.387588,14.86931992,0.605787108,376.193794,7.43465996,0.302893554,752.387588,14.86931992,0.605787108
366,1/2/2022,366,752.387588,14.86931992,0.605787108,376.193794,7.43465996,0.302893554,752.387588,14.86931992,0.605787108
367,1/3/2022,367,752.387588,14.86931992,0.605787108,376.193794,7.43465996,0.302893554,752.387588,14.86931992,0.605787108
368,1/4/2022,368,752.387588,14.86931992,0.605787108,376.193794,7.43465996,0.302893554,752.387588,14.86931992,0.605787108
369,1/5/2022,369,752.387588,14.86931992,0.605787108,376.193794,7.43465996,0.302893554,752.387588,14.86931992,0.605787108
370,1/6/2022,370,752.387588,14.86931992,0.605787108,376.193794,7.43465996,0.302893554,752.387588,14.86931992,0.605787108
371,1/7/2022,371,752.387588,14.86931992,0.605787108,376.193794,7.43465996,0.302893554,752.387588,14.86931992,0.605787108
372,1/8/2022,372,752.387588,14.86931992,0.605787108,376.193794,7.43465996,0.302893554,752.387588,14.86931992,0.605787108
373,1/9/2022,373,752.387588,14.86931992,0.605787108,376.193794,7.43465996,0.302893554,752.387588,14.86931992,0.605787108
374,1/10/2022,374,752.387588,14.86931992,0.605787108,376.193794,7.43465996,0.302893554,752.387588,14.86931992,0.605787108
375,1/11/2022,375,752.387588,14.86931992,0.605787108,376.193794,7.43465996,0.302893554,752.387588,14.86931992,0.605787108
376,1/12/2022,376,752.387588,14.86931992,0.605787108,376.193794,7.43465996,0.302893554,752.387588,14.86931992,0.605787108
377,1/13/2022,377,752.387588,14.86931992,0.605787108,376.193794,7.43465996,0.302893554,752.387588,14.86931992,0.605787108
378,1/14/2022,378,752.387588,14.86931992,0.605787108,376.193794,7.43465996,0.302893554,752.387588,14.86931992,0.605787108
379,1/15/2022,379,752.387588,14.86931992,0.605787108,376.193794,7.43465996,0.302893554,752.387588,14.86931992,0.605787108
380,1/16/2022,380,752.387588,14.86931992,0.605787108,376.193794,7.43465996,0.302893554,752.387588,14.86931992,0.605787108
381,1/17/2022,381,752.387588,14.86931992,0.605787108,376.193794,7.43465996,0.302893554,752.387588,14.86931992,0.605787108
382,1/18/2022,382,752.387588,14.86931992,0.605787108,376.193794,7.43465996,0.302893554,752.387588,14.86931992,0.605787108
383,1/19/2022,383,752.387588,14.86931992,0.605787108,376.193794,7.43465996,0.302893554,752.387588,14.86931992,0.605787108
384,1/20/2022,384,752.387588,14.86931992,0.605787108,376.193794,7.43465996,0.302893554,752.387588,14.86931992,0.605787108
385,1/21/2022,385,752.387588,14.86931992,0.605787108,376.193794,7.43465996,0.302893554,752.387588,14.86931992,0.605787108
386,1/22/2022,386,752.387588,14.86931992,0.605787108,376.193794,7.43465996,0.302893554,752.387588,14.86931992,0.605787108
387,1/23/2022,387,752.387588,14.86931992,0.605787108,376.193794,7.43465996,0.302893554,752.387588,14.86931992,0.605787108
388,1/24/2022,388,752.387588,14.86931992,0.605787108,376.193794,7.43465996,0.302893554,752.387588,14.86931992,0.605787108
389,1/25/2022,389,752.387588,14.86931992,0.605787108,376.193794,7.43465996,0.302893554,752.387588,14.86931992,0.605787108
390,1/26/2022,390,752.387588,14.86931992,0.605787108,376.193794,7.43465996,0.302893554,752.387588,14.86931992,0.605787108
391,1/27/2022,391,752.387588,14.86931992,0.605787108,376.193794,7.43465996,0.302893554,752.387588,14.86931992,0.605787108
392,1/28/2022,392,752.387588,14.86931992,0.605787108,376.193794,7.43465996,0.302893554,752.387588,14.86931992,0.605787108
393,1/29/2022,393,752.387588,14.86931992,0.605787108,376.193794,7.43465996,0.302893554,752.387588,14.86931992,0.605787108
394,1/30/2022,394,752.387588,14.86931992,0.605787108,376.193794,7.43465996,0.302893554,752.387588,14.86931992,0.605787108
395,1/31/2022,395,752.387588,14.86931992,0.605787108,376.193794,7.43465996,0.302893554,752.387588,14.86931992,0.605787108
396,2/1/2022,396,752.387588,14.86931992,0.605787108,376.193794,7.43465996,0.302893554,752.387588,14.86931992,0.605787108
397,2/2/2022,397,752.387588,14.86931992,0.605787108,376.193794,7.43465996,0.302893554,752.387588,14.86931992,0.605787108
398,2/3/2022,398,752.387588,14.86931992,0.605787108,376.193794,7.43465996,0.302893554,752.387588,14.86931992,0.605787108
399,2/4/2022,399,752.387588,14.86931992,0.605787108,376.193794,7.43465996,0.302893554,752.387588,14.86931992,0.605787108
400,2/5/2022,400,752.387588,14.86931992,0.605787108,376.193794,7.43465996,0.302893554,752.387588,14.86931992,0.605787108
401,2/6/2022,401,752.387588,14.86931992,0.605787108,376.193794,7.43465996,0.302893554,752.387588,14.86931992,0.605787108
402,2/7/2022,402,752.387588,14.86931992,0.605787108,376.193794,7.43465996,0.302893554,752.387588,14.86931992,0.605787108
403,2/8/2022,403,752.387588,14.86931992,0.605787108,376.193794,7.43465996,0.302893554,752.387588,14.86931992,0.605787108
404,2/9/2022,404,752.387588,14.86931992,0.605787108,376.193794,7.43465996,0.302893554,752.387588,14.86931992,0.605787108
405,2/10/2022,405,752.387588,14.86931992,0.605787108,376.193794,7.43465996,0.302893554,752.387588,14.86931992,0.605787108
406,2/11/2022,406,752.387588,14.86931992,0.605787108,376.193794,7.43465996,0.302893554,752.387588,14.86931992,0.605787108
407,2/12/2022,407,752.387588,14.86931992,0.605787108,376.193794,7.43465996,0.302893554,752.387588,14.86931992,0.605787108
408,2/13/2022,408,752.387588,14.86931992,0.605787108,376.193794,7.43465996,0.302893554,752.387588,14.86931992,0.605787108
409,2/14/2022,409,752.387588,14.86931992,0.605787108,376.193794,7.43465996,0.302893554,752.387588,14.86931992,0.605787108
410,2/15/2022,410,752.387588,14.86931992,0.605787108,376.193794,7.43465996,0.302893554,752.387588,14.86931992,0.605787108
411,2/16/2022,411,752.387588,14.86931992,0.605787108,376.193794,7.43465996,0.302893554,752.387588,14.86931992,0.605787108
412,2/17/2022,412,752.387588,14.86931992,0.605787108,376.193794,7.43465996,0.302893554,752.387588,14.86931992,0.605787108
413,2/18/2022,413,752.387588,14.86931992,0.605787108,376.193794,7.43465996,0.302893554,752.387588,14.86931992,0.605787108
414,2/19/2022,414,752.387588,14.86931992,0.605787108,376.193794,7.43465996,0.302893554,752.387588,14.86931992,0.605787108
415,2/20/2022,415,752.387588,14.86931992,0.605787108,376.193794,7.43465996,0.302893554,752.387588,14.86931992,0.605787108
416,2/21/2022,416,752.387588,14.86931992,0.605787108,376.193794,7.43465996,0.302893554,752.387588,14.86931992,0.605787108
417,2/22/2022,417,752.387588,14.86931992,0.605787108,376.193794,7.43465996,0.302893554,752.387588,14.86931992,0.605787108
418,2/23/2022,418,752.387588,14.86931992,0.605787108,376.193794,7.43465996,0.302893554,752.387588,14.86931992,0.605787108
419,2/24/2022,419,752.387588,14.86931992,0.605787108,376.193794,7.43465996,0.302893554,752.387588,14.86931992,0.605787108
420,2/25/2022,420,752.387588,14.86931992,0.605787108,376.193794,7.43465996,0.302893554,752.387588,14.86931992,0.605787108
421,2/26/2022,421,752.387588,14.86931992,0.605787108,376.193794,7.43465996,0.302893554,752.387588,14.86931992,0.605787108
422,2/27/2022,422,752.387588,14.86931992,0.605787108,376.193794,7.43465996,0.302893554,752.387588,14.86931992,0.605787108
423,2/28/2022,423,752.387588,14.86931992,0.605787108,376.193794,7.43465996,0.302893554,752.387588,14.86931992,0.605787108
424,3/1/2022,424,752.387588,14.86931992,0.605787108,376.193794,7.43465996,0.302893554,752.387588,14.86931992,0.605787108
425,3/2/2022,425,752.387588,14.86931992,0.605787108,376.193794,7.43465996,0.302893554,752.387588,14.86931992,0.605787108
426,3/3/2022,426,752.387588,14.86931992,0.605787108,376.193794,7.43465996,0.302893554,752.387588,14.86931992,0.605787108
427,3/4/2022,427,752.387588,14.86931992,0.605787108,376.193794,7.43465996,0.302893554,752.387588,14.86931992,0.605787108
428,3/5/2022,428,752.387588,14.86931992,0.605787108,376.193794,7.43465996,0.302893554,752.387588,14.86931992,0.605787108
429,3/6/2022,429,752.387588,14.86931992,0.605787108,376.193794,7.43465996,0.302893554,752.387588,14.86931992,0.605787108
430,3/7/2022,430,752.387588,14.86931992,0.605787108,376.193794,7.43465996,0.302893554,752.387588,14.86931992,0.605787108
431,3/8/2022,431,752.387588,14.86931992,0.605787108,376.193794,7.43465996,0.302893554,752.387588,14.86931992,0.605787108
432,3/9/2022,432,752.387588,14.86931992,0.605787108,376.193794,7.43465996,0.302893554,752.387588,14.86931992,0.605787108
433,3/10/2022,433,752.387588,14.86931992,0.605787108,376.193794,7.43465996,0.302893554,752.387588,14.86931992,0.605787108
434,3/11/2022,434,752.387588,14.86931992,0.605787108,376.193794,7.43465996,0.302893554,752.387588,14.86931992,0.605787108
435,3/12/2022,435,752.387588,14.86931992,0.605787108,376.193794,7.43465996,0.302893554,752.387588,14.86931992,0.605787108
436,3/13/2022,436,752.387588,14.86931992,0.605787108,376.193794,7.43465996,0.302893554,752.387588,14.86931992,0.605787108
437,3/14/2022,437,752.387588,14.86931992,0.605787108,376.193794,7.43465996,0.302893554,752.387588,14.86931992,0.605787108
438,3/15/2022,438,752.387588,14.86931992,0.605787108,376.193794,7.43465996,0.302893554,752.387588,14.86931992,0.605787108
439,3/16/2022,439,752.387588,14.86931992,0.605787108,376.193794,7.43465996,0.302893554,752.387588,14.86931992,0.605787108
440,3/17/2022,440,752.387588,14.86931992,0.605787108,376.193794,7.43465996,0.302893554,752.387588,14.86931992,0.605787108
441,3/18/2022,441,752.387588,14.86931992,0.605787108,376.193794,7.43465996,0.302893554,752.387588,14.86931992,0.605787108
442,3/19/2022,442,752.387588,14.86931992,0.605787108,376.193794,7.43465996,0.302893554,752.387588,14.86931992,0.605787108
443,3/20/2022,443,752.387588,14.86931992,0.605787108,376.193794,7.43465996,0.302893554,752.387588,14.86931992,0.605787108
444,3/21/2022,444,752.387588,14.86931992,0.605787108,376.193794,7.43465996,0.302893554,752.387588,14.86931992,0.605787108
445,3/22/2022,445,752.387588,14.86931992,0.605787108,376.193794,7.43465996,0.302893554,752.387588,14.86931992,0.605787108
446,3/23/2022,446,752.387588,14.86931992,0.605787108,376.193794,7.43465996,0.302893554,752.387588,14.86931992,0.605787108
447,3/24/2022,447,752.387588,14.86931992,0.605787108,376.193794,7.43465996,0.302893554,752.387588,14.86931992,0.605787108
448,3/25/2022,448,752.387588,14.86931992,0.605787108,376.193794,7.43465996,0.302893554,752.387588,14.86931992,0.605787108
449,3/26/2022,449,752.387588,14.86931992,0.605787108,376.193794,7.43465996,0.302893554,752.387588,14.86931992,0.605787108
450,3/27/2022,450,752.387588,14.86931992,0.605787108,376.193794,7.43465996,0.302893554,752.387588,14.86931992,0.605787108
451,3/28/2022,451,752.387588,14.86931992,0.605787108,376.193794,7.43465996,0.302893554,752.387588,14.86931992,0.605787108
452,3/29/2022,452,752.387588,14.86931992,0.605787108,376.193794,7.43465996,0.302893554,752.387588,14.86931992,0.605787108
453,3/30/2022,453,752.387588,14.86931992,0.605787108,376.193794,7.43465996,0.302893554,752.387588,14.86931992,0.605787108
454,3/31/2022,454,752.387588,14.86931992,0.605787108,376.193794,7.43465996,0.302893554,752.387588,14.86931992,0.605787108
455,4/1/2022,455,752.387588,14.86931992,0.605787108,376.193794,7.43465996,0.302893554,752.387588,14.86931992,0.605787108
456,4/2/2022,456,752.387588,14.86931992,0.605787108,376.193794,7.43465996,0.302893554,752.387588,14.86931992,0.605787108
457,4/3/2022,457,752.387588,14.86931992,0.605787108,376.193794,7.43465996,0.302893554,752.387588,14.86931992,0.605787108
458,4/4/2022,458,752.387588,14.86931992,0.605787108,376.193794,7.43465996,0.302893554,752.387588,14.86931992,0.605787108
459,4/5/2022,459,752.387588,14.86931992,0.605787108,376.193794,7.43465996,0.302893554,752.387588,14.86931992,0.605787108
460,4/6/2022,460,752.387588,14.86931992,0.605787108,376.193794,7.43465996,0.302893554,752.387588,14.86931992,0.605787108
461,4/7/2022,461,752.387588,14.86931992,0.605787108,376.193794,7.43465996,0.302893554,752.387588,14.86931992,0.605787108
462,4/8/2022,462,752.387588,14.86931992,0.605787108,376.193794,7.43465996,0.302893554,752.387588,14.86931992,0.605787108
463,4/9/2022,463,752.387588,14.86931992,0.605787108,376.193794,7.43465996,0.302893554,752.387588,14.86931992,0.605787108
464,4/10/2022,464,752.387588,14.86931992,0.605787108,376.193794,7.43465996,0.302893554,752.387588,14.86931992,0.605787108
465,4/11/2022,465,752.387588,14.86931992,0.605787108,376.193794,7.43465996,0.302893554,752.387588,14.86931992,0.605787108
466,4/12/2022,466,752.387588,14.86931992,0.605787108,376.193794,7.43465996,0.302893554,752.387588,14.86931992,0.605787108
467,4/13/2022,467,752.387588,14.86931992,0.605787108,376.193794,7.43465996,0.302893554,752.387588,14.86931992,0.605787108
468,4/14/2022,468,752.387588,14.86931992,0.605787108,376.193794,7.43465996,0.302893554,752.387588,14.86931992,0.605787108
469,4/15/2022,469,752.387588,14.86931992,0.605787108,376.193794,7.43465996,0.302893554,752.387588,14.86931992,0.605787108
470,4/16/2022,470,752.387588,14.86931992,0.605787108,376.193794,7.43465996,0.302893554,752.387588,14.86931992,0.605787108
471,4/17/2022,471,752.387588,14.86931992,0.605787108,376.193794,7.43465996,0.302893554,752.387588,14.86931992,0.605787108
472,4/18/2022,472,752.387588,14.86931992,0.605787108,376.193794,7.43465996,0.302893554,752.387588,14.86931992,0.605787108
473,4/19/2022,473,752.387588,14.86931992,0.605787108,376.193794,7.43465996,0.302893554,752.387588,14.86931992,0.605787108
474,4/20/2022,474,752.387588,14.86931992,0.605787108,376.193794,7.43465996,0.302893554,752.387588,14.86931992,0.605787108
475,4/21/2022,475,752.387588,14.86931992,0.605787108,376.193794,7.43465996,0.302893554,752.387588,14.86931992,0.605787108
476,4/22/2022,476,752.387588,14.86931992,0.605787108,376.193794,7.43465996,0.302893554,752.387588,14.86931992,0.605787108
477,4/23/2022,477,752.387588,14.86931992,0.605787108,376.193794,7.43465996,0.302893554,752.387588,14.86931992,0.605787108
478,4/24/2022,478,752.387588,14.86931992,0.605787108,376.193794,7.43465996,0.302893554,752.387588,14.86931992,0.605787108
479,4/25/2022,479,752.387588,14.86931992,0.605787108,376.193794,7.43465996,0.302893554,752.387588,14.86931992,0.605787108
480,4/26/2022,480,752.387588,14.86931992,0.605787108,376.193794,7.43465996,0.302893554,752.387588,14.86931992,0.605787108
481,4/27/2022,481,752.387588,14.86931992,0.605787108,376.193794,7.43465996,0.302893554,752.387588,14.86931992,0.605787108
482,4/28/2022,482,752.387588,14.86931992,0.605787108,376.193794,7.43465996,0.302893554,752.387588,14.86931992,0.605787108
483,4/29/2022,483,752.387588,14.86931992,0.605787108,376.193794,7.43465996,0.302893554,752.387588,14.86931992,0.605787108
484,4/30/2022,484,752.387588,14.86931992,0.605787108,376.193794,7.43465996,0.302893554,752.387588,14.86931992,0.605787108
485,5/1/2022,485,752.387588,14.86931992,0.605787108,376.193794,7.43465996,0.302893554,752.387588,14.86931992,0.605787108
486,5/2/2022,486,752.387588,14.86931992,0.605787108,376.193794,7.43465996,0.302893554,752.387588,14.86931992,0.605787108
487,5/3/2022,487,752.387588,14.86931992,0.605787108,376.193794,7.43465996,0.302893554,752.387588,14.86931992,0.605787108
488,5/4/2022,488,752.387588,14.86931992,0.605787108,376.193794,7.43465996,0.302893554,752.387588,14.86931992,0.605787108
489,5/5/2022,489,752.387588,14.86931992,0.605787108,376.193794,7.43465996,0.302893554,752.387588,14.86931992,0.605787108
490,5/6/2022,490,752.387588,14.86931992,0.605787108,376.193794,7.43465996,0.302893554,752.387588,14.86931992,0.605787108
491,5/7/2022,491,752.387588,14.86931992,0.605787108,376.193794,7.43465996,0.302893554,752.387588,14.86931992,0.605787108
492,5/8/2022,492,752.387588,14.86931992,0.605787108,376.193794,7.43465996,0.302893554,752.387588,14.86931992,0.605787108
493,5/9/2022,493,752.387588,14.86931992,0.605787108,376.193794,7.43465996,0.302893554,752.387588,14.86931992,0.605787108
494,5/10/2022,494,752.387588,14.86931992,0.605787108,376.193794,7.43465996,0.302893554,752.387588,14.86931992,0.605787108
495,5/11/2022,495,752.387588,14.86931992,0.605787108,376.193794,7.43465996,0.302893554,752.387588,14.86931992,0.605787108
496,5/12/2022,496,752.387588,14.86931992,0.605787108,376.193794,7.43465996,0.302893554,752.387588,14.86931992,0.605787108
497,5/13/2022,497,752.387588,14.86931992,0.605787108,376.193794,7.43465996,0.302893554,752.387588,14.86931992,0.605787108
498,5/14/2022,498,752.387588,14.86931992,0.605787108,376.193794,7.43465996,0.302893554,752.387588,14.86931992,0.605787108
499,5/15/2022,499,752.387588,14.86931992,0.605787108,376.193794,7.43465996,0.302893554,752.387588,14.86931992,0.605787108
500,5/16/2022,500,752.387588,14.86931992,0.605787108,376.193794,7.43465996,0.302893554,752.387588,14.86931992,0.605787108
501,5/17/2022,501,752.387588,14.86931992,0.605787108,376.193794,7.43465996,0.302893554,752.387588,14.86931992,0.605787108
502,5/18/2022,502,752.387588,14.86931992,0.605787108,376.193794,7.43465996,0.302893554,752.387588,14.86931992,0.605787108
503,5/19/2022,503,752.387588,14.86931992,0.605787108,376.193794,7.43465996,0.302893554,752.387588,14.86931992,0.605787108
504,5/20/2022,504,752.387588,14.86931992,0.605787108,376.193794,7.43465996,0.302893554,752.387588,14.86931992,0.605787108
505,5/21/2022,505,752.387588,14.86931992,0.605787108,376.193794,7.43465996,0.302893554,752.387588,14.86931992,0.605787108
506,5/22/2022,506,752.387588,14.86931992,0.605787108,376.193794,7.43465996,0.302893554,752.387588,14.86931992,0.605787108
507,5/23/2022,507,752.387588,14.86931992,0.605787108,376.193794,7.43465996,0.302893554,752.387588,14.86931992,0.605787108
508,5/24/2022,508,752.387588,14.86931992,0.605787108,376.193794,7.43465996,0.302893554,752.387588,14.86931992,0.605787108
509,5/25/2022,509,752.387588,14.86931992,0.605787108,376.193794,7.43465996,0.302893554,752.387588,14.86931992,0.605787108
510,5/26/2022,510,752.387588,14.86931992,0.605787108,376.193794,7.43465996,0.302893554,752.387588,14.86931992,0.605787108
511,5/27/2022,511,752.387588,14.86931992,0.605787108,376.193794,7.43465996,0.302893554,752.387588,14.86931992,0.605787108
512,5/28/2022,512,752.387588,14.86931992,0.605787108,376.193794,7.43465996,0.302893554,752.387588,14.86931992,0.605787108
513,5/29/2022,513,752.387588,14.86931992,0.605787108,376.193794,7.43465996,0.302893554,752.387588,14.86931992,0.605787108
514,5/30/2022,514,752.387588,14.86931992,0.605787108,376.193794,7.43465996,0.302893554,752.387588,14.86931992,0.605787108
515,5/31/2022,515,752.387588,14.86931992,0.605787108,376.193794,7.43465996,0.302893554,752.387588,14.86931992,0.605787108
516,6/1/2022,516,752.387588,14.86931992,0.605787108,376.193794,7.43465996,0.302893554,752.387588,14.86931992,0.605787108
517,6/2/2022,517,752.387588,14.86931992,0.605787108,376.193794,7.43465996,0.302893554,752.387588,14.86931992,0.605787108
518,6/3/2022,518,752.387588,14.86931992,0.605787108,376.193794,7.43465996,0.302893554,752.387588,14.86931992,0.605787108
519,6/4/2022,519,752.387588,14.86931992,0.605787108,376.193794,7.43465996,0.302893554,752.387588,14.86931992,0.605787108
520,6/5/2022,520,752.387588,14.86931992,0.605787108,376.193794,7.43465996,0.302893554,752.387588,14.86931992,0.605787108
521,6/6/2022,521,752.387588,14.86931992,0.605787108,376.193794,7.43465996,0.302893554,752.387588,14.86931992,0.605787108
522,6/7/2022,522,752.387588,14.86931992,0.605787108,376.193794,7.43465996,0.302893554,752.387588,14.86931992,0.605787108
523,6/8/2022,523,752.387588,14.86931992,0.605787108,376.193794,7.43465996,0.302893554,752.387588,14.86931992,0.605787108
524,6/9/2022,524,752.387588,14.86931992,0.605787108,376.193794,7.43465996,0.302893554,752.387588,14.86931992,0.605787108
525,6/10/2022,525,752.387588,14.86931992,0.605787108,376.193794,7.43465996,0.302893554,752.387588,14.86931992,0.605787108
526,6/11/2022,526,752.387588,14.86931992,0.605787108,376.193794,7.43465996,0.302893554,752.387588,14.86931992,0.605787108
527,6/12/2022,527,752.387588,14.86931992,0.605787108,376.193794,7.43465996,0.302893554,752.387588,14.86931992,0.605787108
528,6/13/2022,528,752.387588,14.86931992,0.605787108,376.193794,7.43465996,0.302893554,752.387588,14.86931992,0.605787108
529,6/14/2022,529,752.387588,14.86931992,0.605787108,376.193794,7.43465996,0.302893554,752.387588,14.86931992,0.605787108
530,6/15/2022,530,752.387588,14.86931992,0.605787108,376.193794,7.43465996,0.302893554,752.387588,14.86931992,0.605787108
531,6/16/2022,531,752.387588,14.86931992,0.605787108,376.193794,7.43465996,0.302893554,752.387588,14.86931992,0.605787108
532,6/17/2022,532,752.387588,14.86931992,0.605787108,376.193794,7.43465996,0.302893554,752.387588,14.86931992,0.605787108
533,6/18/2022,533,752.387588,14.86931992,0.605787108,376.193794,7.43465996,0.302893554,752.387588,14.86931992,0.605787108
534,6/19/2022,534,752.387588,14.86931992,0.605787108,376.193794,7.43465996,0.302893554,752.387588,14.86931992,0.605787108
535,6/20/2022,535,752.387588,14.86931992,0.605787108,376.193794,7.43465996,0.302893554,752.387588,14.86931992,0.605787108
536,6/21/2022,536,752.387588,14.86931992,0.605787108,376.193794,7.43465996,0.302893554,752.387588,14.86931992,0.605787108
537,6/22/2022,537,752.387588,14.86931992,0.605787108,376.193794,7.43465996,0.302893554,752.387588,14.86931992,0.605787108
538,6/23/2022,538,752.387588,14.86931992,0.605787108,376.193794,7.43465996,0.302893554,752.387588,14.86931992,0.605787108
539,6/24/2022,539,752.387588,14.86931992,0.605787108,376.193794,7.43465996,0.302893554,752.387588,14.86931992,0.605787108
540,6/25/2022,540,752.387588,14.86931992,0.605787108,376.193794,7.43465996,0.302893554,752.387588,14.86931992,0.605787108
541,6/26/2022,541,752.387588,14.86931992,0.605787108,376.193794,7.43465996,0.302893554,752.387588,14.86931992,0.605787108
542,6/27/2022,542,752.387588,14.86931992,0.605787108,376.193794,7.43465996,0.302893554,752.387588,14.86931992,0.605787108
543,6/28/2022,543,752.387588,14.86931992,0.605787108,376.193794,7.43465996,0.302893554,752.387588,14.86931992,0.605787108
544,6/29/2022,544,752.387588,14.86931992,0.605787108,376.193794,7.43465996,0.302893554,752.387588,14.86931992,0.605787108
545,6/30/2022,545,752.387588,14.86931992,0.605787108,376.193794,7.43465996,0.302893554,752.387588,14.86931992,0.605787108
546,7/1/2022,546,752.387588,14.86931992,0.605787108,376.193794,7.43465996,0.302893554,752.387588,14.86931992,0.605787108
547,7/2/2022,547,752.387588,14.86931992,0.605787108,376.193794,7.43465996,0.302893554,752.387588,14.86931992,0.605787108
548,7/3/2022,548,752.387588,14.86931992,0.605787108,376.193794,7.43465996,0.302893554,752.387588,14.86931992,0.605787108
549,7/4/2022,549,752.387588,14.86931992,0.605787108,376.193794,7.43465996,0.302893554,752.387588,14.86931992,0.605787108
550,7/5/2022,550,752.387588,14.86931992,0.605787108,376.193794,7.43465996,0.302893554,752.387588,14.86931992,0.605787108
551,7/6/2022,551,752.387588,14.86931992,0.605787108,376.193794,7.43465996,0.302893554,752.387588,14.86931992,0.605787108
552,7/7/2022,552,752.387588,14.86931992,0.605787108,376.193794,7.43465996,0.302893554,752.387588,14.86931992,0.605787108
553,7/8/2022,553,752.387588,14.86931992,0.605787108,376.193794,7.43465996,0.302893554,752.387588,14.86931992,0.605787108
554,7/9/2022,554,752.387588,14.86931992,0.605787108,376.193794,7.43465996,0.302893554,752.387588,14.86931992,0.605787108
555,7/10/2022,555,752.387588,14.86931992,0.605787108,376.193794,7.43465996,0.302893554,752.387588,14.86931992,0.605787108
556,7/11/2022,556,752.387588,14.86931992,0.605787108,376.193794,7.43465996,0.302893554,752.387588,14.86931992,0.605787108
557,7/12/2022,557,752.387588,14.86931992,0.605787108,376.193794,7.43465996,0.302893554,752.387588,14.86931992,0.605787108
558,7/13/2022,558,752.387588,14.86931992,0.605787108,376.193794,7.43465996,0.302893554,752.387588,14.86931992,0.605787108
559,7/14/2022,559,752.387588,14.86931992,0.605787108,376.193794,7.43465996,0.302893554,752.387588,14.86931992,0.605787108
560,7/15/2022,560,752.387588,14.86931992,0.605787108,376.193794,7.43465996,0.302893554,752.387588,14.86931992,0.605787108
561,7/16/2022,561,752.387588,14.86931992,0.605787108,376.193794,7.43465996,0.302893554,752.387588,14.86931992,0.605787108
562,7/17/2022,562,752.387588,14.86931992,0.605787108,376.193794,7.43465996,0.302893554,752.387588,14.86931992,0.605787108
563,7/18/2022,563,752.387588,14.86931992,0.605787108,376.193794,7.43465996,0.302893554,752.387588,14.86931992,0.605787108
564,7/19/2022,564,752.387588,14.86931992,0.605787108,376.193794,7.43465996,0.302893554,752.387588,14.86931992,0.605787108
565,7/20/2022,565,752.387588,14.86931992,0.605787108,376.193794,7.43465996,0.302893554,752.387588,14.86931992,0.605787108
566,7/21/2022,566,752.387588,14.86931992,0.605787108,376.193794,7.43465996,0.302893554,752.387588,14.86931992,0.605787108
567,7/22/2022,567,752.387588,14.86931992,0.605787108,376.193794,7.43465996,0.302893554,752.387588,14.86931992,0.605787108
568,7/23/2022,568,752.387588,14.86931992,0.605787108,376.193794,7.43465996,0.302893554,752.387588,14.86931992,0.605787108
569,7/24/2022,569,752.387588,14.86931992,0.605787108,376.193794,7.43465996,0.302893554,752.387588,14.86931992,0.605787108
570,7/25/2022,570,752.387588,14.86931992,0.605787108,376.193794,7.43465996,0.302893554,752.387588,14.86931992,0.605787108
571,7/26/2022,571,752.387588,14.86931992,0.605787108,376.193794,7.43465996,0.302893554,752.387588,14.86931992,0.605787108
572,7/27/2022,572,752.387588,14.86931992,0.605787108,376.193794,7.43465996,0.302893554,752.387588,14.86931992,0.605787108
573,7/28/2022,573,752.387588,14.86931992,0.605787108,376.193794,7.43465996,0.302893554,752.387588,14.86931992,0.605787108
574,7/29/2022,574,752.387588,14.86931992,0.605787108,376.193794,7.43465996,0.302893554,752.387588,14.86931992,0.605787108
575,7/30/2022,575,752.387588,14.86931992,0.605787108,376.193794,7.43465996,0.302893554,752.387588,14.86931992,0.605787108
576,7/31/2022,576,752.387588,14.86931992,0.605787108,376.193794,7.43465996,0.302893554,752.387588,14.86931992,0.605787108
577,8/1/2022,577,752.387588,14.86931992,0.605787108,376.193794,7.43465996,0.302893554,752.387588,14.86931992,0.605787108
578,8/2/2022,578,752.387588,14.86931992,0.605787108,376.193794,7.43465996,0.302893554,752.387588,14.86931992,0.605787108
579,8/3/2022,579,752.387588,14.86931992,0.605787108,376.193794,7.43465996,0.302893554,752.387588,14.86931992,0.605787108
580,8/4/2022,580,752.387588,14.86931992,0.605787108,376.193794,7.43465996,0.302893554,752.387588,14.86931992,0.605787108
581,8/5/2022,581,752.387588,14.86931992,0.605787108,376.193794,7.43465996,0.302893554,752.387588,14.86931992,0.605787108
582,8/6/2022,582,752.387588,14.86931992,0.605787108,376.193794,7.43465996,0.302893554,752.387588,14.86931992,0.605787108
583,8/7/2022,583,752.387588,14.86931992,0.605787108,376.193794,7.43465996,0.302893554,752.387588,14.86931992,0.605787108
584,8/8/2022,584,752.387588,14.86931992,0.605787108,376.193794,7.43465996,0.302893554,752.387588,14.86931992,0.605787108
585,8/9/2022,585,752.387588,14.86931992,0.605787108,376.193794,7.43465996,0.302893554,752.387588,14.86931992,0.605787108
586,8/10/2022,586,752.387588,14.86931992,0.605787108,376.193794,7.43465996,0.302893554,752.387588,14.86931992,0.605787108
587,8/11/2022,587,752.387588,14.86931992,0.605787108,376.193794,7.43465996,0.302893554,752.387588,14.86931992,0.605787108
588,8/12/2022,588,752.387588,14.86931992,0.605787108,376.193794,7.43465996,0.302893554,752.387588,14.86931992,0.605787108
589,8/13/2022,589,752.387588,14.86931992,0.605787108,376.193794,7.43465996,0.302893554,752.387588,14.86931992,0.605787108
590,8/14/2022,590,752.387588,14.86931992,0.605787108,376.193794,7.43465996,0.302893554,752.387588,14.86931992,0.605787108
591,8/15/2022,591,752.387588,14.86931992,0.605787108,376.193794,7.43465996,0.302893554,752.387588,14.86931992,0.605787108
592,8/16/2022,592,752.387588,14.86931992,0.605787108,376.193794,7.43465996,0.302893554,752.387588,14.86931992,0.605787108
593,8/17/2022,593,752.387588,14.86931992,0.605787108,376.193794,7.43465996,0.302893554,752.387588,14.86931992,0.605787108
594,8/18/2022,594,752.387588,14.86931992,0.605787108,376.193794,7.43465996,0.302893554,752.387588,14.86931992,0.605787108
595,8/19/2022,595,752.387588,14.86931992,0.605787108,376.193794,7.43465996,0.302893554,752.387588,14.86931992,0.605787108
596,8/20/2022,596,752.387588,14.86931992,0.605787108,376.193794,7.43465996,0.302893554,752.387588,14.86931992,0.605787108
597,8/21/2022,597,752.387588,14.86931992,0.605787108,376.193794,7.43465996,0.302893554,752.387588,14.86931992,0.605787108
598,8/22/2022,598,752.387588,14.86931992,0.605787108,376.193794,7.43465996,0.302893554,752.387588,14.86931992,0.605787108
599,8/23/2022,599,752.387588,14.86931992,0.605787108,376.193794,7.43465996,0.302893554,752.387588,14.86931992,0.605787108
600,8/24/2022,600,752.387588,14.86931992,0.605787108,376.193794,7.43465996,0.302893554,752.387588,14.86931992,0.605787108
601,8/25/2022,601,752.387588,14.86931992,0.605787108,376.193794,7.43465996,0.302893554,752.387588,14.86931992,0.605787108
602,8/26/2022,602,752.387588,14.86931992,0.605787108,376.193794,7.43465996,0.302893554,752.387588,14.86931992,0.605787108
603,8/27/2022,603,752.387588,14.86931992,0.605787108,376.193794,7.43465996,0.302893554,752.387588,14.86931992,0.605787108
604,8/28/2022,604,752.387588,14.86931992,0.605787108,376.193794,7.43465996,0.302893554,752.387588,14.86931992,0.605787108
605,8/29/2022,605,752.387588,14.86931992,0.605787108,376.193794,7.43465996,0.302893554,752.387588,14.86931992,0.605787108
606,8/30/2022,606,752.387588,14.86931992,0.605787108,376.193794,7.43465996,0.302893554,752.387588,14.86931992,0.605787108
607,8/31/2022,607,752.387588,14.86931992,0.605787108,376.193794,7.43465996,0.302893554,752.387588,14.86931992,0.605787108
608,9/1/2022,608,752.387588,14.86931992,0.605787108,376.193794,7.43465996,0.302893554,752.387588,14.86931992,0.605787108
609,9/2/2022,609,752.387588,14.86931992,0.605787108,376.193794,7.43465996,0.302893554,752.387588,14.86931992,0.605787108
610,9/3/2022,610,752.387588,14.86931992,0.605787108,376.193794,7.43465996,0.302893554,752.387588,14.86931992,0.605787108
611,9/4/2022,611,752.387588,14.86931992,0.605787108,376.193794,7.43465996,0.302893554,752.387588,14.86931992,0.605787108
612,9/5/2022,612,752.387588,14.86931992,0.605787108,376.193794,7.43465996,0.302893554,752.387588,14.86931992,0.605787108
613,9/6/2022,613,752.387588,14.86931992,0.605787108,376.193794,7.43465996,0.302893554,752.387588,14.86931992,0.605787108
614,9/7/2022,614,752.387588,14.86931992,0.605787108,376.193794,7.43465996,0.302893554,752.387588,14.86931992,0.605787108
615,9/8/2022,615,752.387588,14.86931992,0.605787108,376.193794,7.43465996,0.302893554,752.387588,14.86931992,0.605787108
616,9/9/2022,616,752.387588,14.86931992,0.605787108,376.193794,7.43465996,0.302893554,752.387588,14.86931992,0.605787108
617,9/10/2022,617,752.387588,14.86931992,0.605787108,376.193794,7.43465996,0.302893554,752.387588,14.86931992,0.605787108
618,9/11/2022,618,752.387588,14.86931992,0.605787108,376.193794,7.43465996,0.302893554,752.387588,14.86931992,0.605787108
619,9/12/2022,619,752.387588,14.86931992,0.605787108,376.193794,7.43465996,0.302893554,752.387588,14.86931992,0.605787108
620,9/13/2022,620,752.387588,14.86931992,0.605787108,376.193794,7.43465996,0.302893554,752.387588,14.86931992,0.605787108
621,9/14/2022,621,752.387588,14.86931992,0.605787108,376.193794,7.43465996,0.302893554,752.387588,14.86931992,0.605787108
622,9/15/2022,622,752.387588,14.86931992,0.605787108,376.193794,7.43465996,0.302893554,752.387588,14.86931992,0.605787108
623,9/16/2022,623,752.387588,14.86931992,0.605787108,376.193794,7.43465996,0.302893554,752.387588,14.86931992,0.605787108
624,9/17/2022,624,752.387588,14.86931992,0.605787108,376.193794,7.43465996,0.302893554,752.387588,14.86931992,0.605787108
625,9/18/2022,625,752.387588,14.86931992,0.605787108,376.193794,7.43465996,0.302893554,752.387588,14.86931992,0.605787108
626,9/19/2022,626,752.387588,14.86931992,0.605787108,376.193794,7.43465996,0.302893554,752.387588,14.86931992,0.605787108
627,9/20/2022,627,752.387588,14.86931992,0.605787108,376.193794,7.43465996,0.302893554,752.387588,14.86931992,0.605787108
628,9/21/2022,628,752.387588,14.86931992,0.605787108,376.193794,7.43465996,0.302893554,752.387588,14.86931992,0.605787108
629,9/22/2022,629,752.387588,14.86931992,0.605787108,376.193794,7.43465996,0.302893554,752.387588,14.86931992,0.605787108
630,9/23/2022,630,752.387588,14.86931992,0.605787108,376.193794,7.43465996,0.302893554,752.387588,14.86931992,0.605787108
631,9/24/2022,631,752.387588,14.86931992,0.605787108,376.193794,7.43465996,0.302893554,752.387588,14.86931992,0.605787108
632,9/25/2022,632,752.387588,14.86931992,0.605787108,376.193794,7.43465996,0.302893554,752.387588,14.86931992,0.605787108
633,9/26/2022,633,752.387588,14.86931992,0.605787108,376.193794,7.43465996,0.302893554,752.387588,14.86931992,0.605787108
634,9/27/2022,634,752.387588,14.86931992,0.605787108,376.193794,7.43465996,0.302893554,752.387588,14.86931992,0.605787108
635,9/28/2022,635,752.387588,14.86931992,0.605787108,376.193794,7.43465996,0.302893554,752.387588,14.86931992,0.605787108
636,9/29/2022,636,752.387588,14.86931992,0.605787108,376.193794,7.43465996,0.302893554,752.387588,14.86931992,0.605787108
637,9/30/2022,637,752.387588,14.86931992,0.605787108,376.193794,7.43465996,0.302893554,752.387588,14.86931992,0.605787108
638,10/1/2022,638,752.387588,14.86931992,0.605787108,376.193794,7.43465996,0.302893554,752.387588,14.86931992,0.605787108
639,10/2/2022,639,802.5467605,15.86060791,0.646172915,401.2733803,7.930303957,0.323086458,802.5467605,15.86060791,0.646172915
640,10/3/2022,640,852.7059331,16.85189591,0.686558722,426.3529665,8.425947955,0.343279361,852.7059331,16.85189591,0.686558722
641,10/4/2022,641,902.8651056,17.8431839,0.72694453,451.4325528,8.921591952,0.363472265,902.8651056,17.8431839,0.72694453
642,10/5/2022,642,953.0242781,18.8344719,0.767330337,476.5121391,9.417235949,0.383665168,953.0242781,18.8344719,0.767330337
643,10/6/2022,643,1003.183451,19.82575989,0.807716144,501.5917253,9.912879947,0.403858072,1003.183451,19.82575989,0.807716144
644,10/7/2022,644,1053.342623,20.81704789,0.848101951,526.6713116,10.40852394,0.424050976,1053.342623,20.81704789,0.848101951
645,10/8/2022,645,1103.501796,21.80833588,0.888487758,551.7508979,10.90416794,0.444243879,1103.501796,21.80833588,0.888487758
646,10/9/2022,646,1153.660968,22.79962388,0.928873566,576.8304841,11.39981194,0.464436783,1153.660968,22.79962388,0.928873566
647,10/10/2022,647,1203.820141,23.79091187,0.969259373,601.9100704,11.89545594,0.484629686,1203.820141,23.79091187,0.969259373
648,10/11/2022,648,1253.979313,24.78219987,1.00964518,626.9896567,12.39109993,0.50482259,1253.979313,24.78219987,1.00964518
649,10/12/2022,649,1304.138486,25.77348786,1.050030987,652.0692429,12.88674393,0.525015494,1304.138486,25.77348786,1.050030987
650,10/13/2022,650,1354.297658,26.76477586,1.090416794,677.1488292,13.38238793,0.545208397,1354.297658,26.76477586,1.090416794
651,10/14/2022,651,1404.456831,27.75606385,1.130802602,702.2284155,13.87803193,0.565401301,1404.456831,27.75606385,1.130802602
652,10/15/2022,652,1454.616003,28.74735185,1.171188409,727.3080017,14.37367592,0.585594204,1454.616003,28.74735185,1.171188409
653,10/16/2022,653,1504.775176,29.73863984,1.211574216,752.387588,14.86931992,0.605787108,1504.775176,29.73863984,1.211574216
654,10/17/2022,654,1460.517083,28.86397396,1.17593968,730.2585413,14.43198698,0.58796984,1460.517083,28.86397396,1.17593968
655,10/18/2022,655,1416.258989,27.98930808,1.140305144,708.1294946,13.99465404,0.570152572,1416.258989,27.98930808,1.140305144
656,10/19/2022,656,1372.000896,27.11464221,1.104670609,686.0004479,13.5573211,0.552335304,1372.000896,27.11464221,1.104670609
657,10/20/2022,657,1327.742802,26.23997633,1.069036073,663.8714012,13.11998816,0.534518036,1327.742802,26.23997633,1.069036073
658,10/21/2022,658,1283.484709,25.36531045,1.033401537,641.7423545,12.68265523,0.516700769,1283.484709,25.36531045,1.033401537
659,10/22/2022,659,1239.226616,24.49064457,0.997767001,619.6133078,12.24532229,0.498883501,1239.226616,24.49064457,0.997767001
660,10/23/2022,660,1194.968522,23.6159787,0.962132466,597.4842611,11.80798935,0.481066233,1194.968522,23.6159787,0.962132466
661,10/24/2022,661,1150.710429,22.74131282,0.92649793,575.3552144,11.37065641,0.463248965,1150.710429,22.74131282,0.92649793
662,10/25/2022,662,1106.452335,21.86664694,0.890863394,553.2261676,10.93332347,0.445431697,1106.452335,21.86664694,0.890863394
663,10/26/2022,663,1062.194242,20.99198106,0.855228858,531.0971209,10.49599053,0.427614429,1062.194242,20.99198106,0.855228858
664,10/27/2022,664,1017.936148,20.11731519,0.819594323,508.9680742,10.05865759,0.409797161,1017.936148,20.11731519,0.819594323
665,10/28/2022,665,973.6780551,19.24264931,0.783959787,486.8390275,9.621324654,0.391979893,973.6780551,19.24264931,0.783959787
666,10/29/2022,666,929.4199616,18.36798343,0.748325251,464.7099808,9.183991715,0.374162626,929.4199616,18.36798343,0.748325251
667,10/30/2022,667,885.1618682,17.49331755,0.712690715,442.5809341,8.746658776,0.356345358,885.1618682,17.49331755,0.712690715
668,10/31/2022,668,840.9037748,16.61865168,0.67705618,420.4518874,8.309325838,0.33852809,840.9037748,16.61865168,0.67705618
669,11/1/2022,669,796.6456814,15.7439858,0.641421644,398.3228407,7.871992899,0.320710822,796.6456814,15.7439858,0.641421644
670,11/2/2022,670,752.387588,14.86931992,0.605787108,376.193794,7.43465996,0.302893554,752.387588,14.86931992,0.605787108
671,11/3/2022,671,752.387588,14.86931992,0.605787108,376.193794,7.43465996,0.302893554,752.387588,14.86931992,0.605787108
672,11/4/2022,672,752.387588,14.86931992,0.605787108,376.193794,7.43465996,0.302893554,752.387588,14.86931992,0.605787108
673,11/5/2022,673,752.387588,14.86931992,0.605787108,376.193794,7.43465996,0.302893554,752.387588,14.86931992,0.605787108
674,11/6/2022,674,752.387588,14.86931992,0.605787108,376.193794,7.43465996,0.302893554,752.387588,14.86931992,0.605787108
675,11/7/2022,675,752.387588,14.86931992,0.605787108,376.193794,7.43465996,0.302893554,752.387588,14.86931992,0.605787108
676,11/8/2022,676,752.387588,14.86931992,0.605787108,376.193794,7.43465996,0.302893554,752.387588,14.86931992,0.605787108
677,11/9/2022,677,752.387588,14.86931992,0.605787108,376.193794,7.43465996,0.302893554,752.387588,14.86931992,0.605787108
678,11/10/2022,678,752.387588,14.86931992,0.605787108,376.193794,7.43465996,0.302893554,752.387588,14.86931992,0.605787108
679,11/11/2022,679,752.387588,14.86931992,0.605787108,376.193794,7.43465996,0.302893554,752.387588,14.86931992,0.605787108
680,11/12/2022,680,752.387588,14.86931992,0.605787108,376.193794,7.43465996,0.302893554,752.387588,14.86931992,0.605787108
681,11/13/2022,681,752.387588,14.86931992,0.605787108,376.193794,7.43465996,0.302893554,752.387588,14.86931992,0.605787108
682,11/14/2022,682,752.387588,14.86931992,0.605787108,376.193794,7.43465996,0.302893554,752.387588,14.86931992,0.605787108
683,11/15/2022,683,752.387588,14.86931992,0.605787108,376.193794,7.43465996,0.302893554,752.387588,14.86931992,0.605787108
684,11/16/2022,684,752.387588,14.86931992,0.605787108,376.193794,7.43465996,0.302893554,752.387588,14.86931992,0.605787108
685,11/17/2022,685,752.387588,14.86931992,0.605787108,376.193794,7.43465996,0.302893554,752.387588,14.86931992,0.605787108
686,11/18/2022,686,752.387588,14.86931992,0.605787108,376.193794,7.43465996,0.302893554,752.387588,14.86931992,0.605787108
687,11/19/2022,687,752.387588,14.86931992,0.605787108,376.193794,7.43465996,0.302893554,752.387588,14.86931992,0.605787108
688,11/20/2022,688,752.387588,14.86931992,0.605787108,376.193794,7.43465996,0.302893554,752.387588,14.86931992,0.605787108
689,11/21/2022,689,752.387588,14.86931992,0.605787108,376.193794,7.43465996,0.302893554,752.387588,14.86931992,0.605787108
690,11/22/2022,690,752.387588,14.86931992,0.605787108,376.193794,7.43465996,0.302893554,752.387588,14.86931992,0.605787108
691,11/23/2022,691,752.387588,14.86931992,0.605787108,376.193794,7.43465996,0.302893554,752.387588,14.86931992,0.605787108
692,11/24/2022,692,752.387588,14.86931992,0.605787108,376.193794,7.43465996,0.302893554,752.387588,14.86931992,0.605787108
693,11/25/2022,693,752.387588,14.86931992,0.605787108,376.193794,7.43465996,0.302893554,752.387588,14.86931992,0.605787108
694,11/26/2022,694,752.387588,14.86931992,0.605787108,376.193794,7.43465996,0.302893554,752.387588,14.86931992,0.605787108
695,11/27/2022,695,752.387588,14.86931992,0.605787108,376.193794,7.43465996,0.302893554,752.387588,14.86931992,0.605787108
696,11/28/2022,696,752.387588,14.86931992,0.605787108,376.193794,7.43465996,0.302893554,752.387588,14.86931992,0.605787108
697,11/29/2022,697,752.387588,14.86931992,0.605787108,376.193794,7.43465996,0.302893554,752.387588,14.86931992,0.605787108
698,11/30/2022,698,752.387588,14.86931992,0.605787108,376.193794,7.43465996,0.302893554,752.387588,14.86931992,0.605787108
699,12/1/2022,699,752.387588,14.86931992,0.605787108,376.193794,7.43465996,0.302893554,752.387588,14.86931992,0.605787108
700,12/2/2022,700,752.387588,14.86931992,0.605787108,376.193794,7.43465996,0.302893554,752.387588,14.86931992,0.605787108
701,12/3/2022,701,752.387588,14.86931992,0.605787108,376.193794,7.43465996,0.302893554,752.387588,14.86931992,0.605787108
702,12/4/2022,702,752.387588,14.86931992,0.605787108,376.193794,7.43465996,0.302893554,752.387588,14.86931992,0.605787108
703,12/5/2022,703,752.387588,14.86931992,0.605787108,376.193794,7.43465996,0.302893554,752.387588,14.86931992,0.605787108
704,12/6/2022,704,752.387588,14.86931992,0.605787108,376.193794,7.43465996,0.302893554,752.387588,14.86931992,0.605787108
705,12/7/2022,705,752.387588,14.86931992,0.605787108,376.193794,7.43465996,0.302893554,752.387588,14.86931992,0.605787108
706,12/8/2022,706,752.387588,14.86931992,0.605787108,376.193794,7.43465996,0.302893554,752.387588,14.86931992,0.605787108
707,12/9/2022,707,752.387588,14.86931992,0.605787108,376.193794,7.43465996,0.302893554,752.387588,14.86931992,0.605787108
708,12/10/2022,708,752.387588,14.86931992,0.605787108,376.193794,7.43465996,0.302893554,752.387588,14.86931992,0.605787108
709,12/11/2022,709,752.387588,14.86931992,0.605787108,376.193794,7.43465996,0.302893554,752.387588,14.86931992,0.605787108
710,12/12/2022,710,752.387588,14.86931992,0.605787108,376.193794,7.43465996,0.302893554,752.387588,14.86931992,0.605787108
711,12/13/2022,711,752.387588,14.86931992,0.605787108,376.193794,7.43465996,0.302893554,752.387588,14.86931992,0.605787108
712,12/14/2022,712,752.387588,14.86931992,0.605787108,376.193794,7.43465996,0.302893554,752.387588,14.86931992,0.605787108
713,12/15/2022,713,752.387588,14.86931992,0.605787108,376.193794,7.43465996,0.302893554,752.387588,14.86931992,0.605787108
714,12/16/2022,714,752.387588,14.86931992,0.605787108,376.193794,7.43465996,0.302893554,752.387588,14.86931992,0.605787108
715,12/17/2022,715,752.387588,14.86931992,0.605787108,376.193794,7.43465996,0.302893554,752.387588,14.86931992,0.605787108
716,12/18/2022,716,752.387588,14.86931992,0.605787108,376.193794,7.43465996,0.302893554,752.387588,14.86931992,0.605787108
717,12/19/2022,717,752.387588,14.86931992,0.605787108,376.193794,7.43465996,0.302893554,752.387588,14.86931992,0.605787108
718,12/20/2022,718,752.387588,14.86931992,0.605787108,376.193794,7.43465996,0.302893554,752.387588,14.86931992,0.605787108
719,12/21/2022,719,752.387588,14.86931992,0.605787108,376.193794,7.43465996,0.302893554,752.387588,14.86931992,0.605787108
720,12/22/2022,720,752.387588,14.86931992,0.605787108,376.193794,7.43465996,0.302893554,752.387588,14.86931992,0.605787108
721,12/23/2022,721,752.387588,14.86931992,0.605787108,376.193794,7.43465996,0.302893554,752.387588,14.86931992,0.605787108
722,12/24/2022,722,752.387588,14.86931992,0.605787108,376.193794,7.43465996,0.302893554,752.387588,14.86931992,0.605787108
723,12/25/2022,723,752.387588,14.86931992,0.605787108,376.193794,7.43465996,0.302893554,752.387588,14.86931992,0.605787108
724,12/26/2022,724,752.387588,14.86931992,0.605787108,376.193794,7.43465996,0.302893554,752.387588,14.86931992,0.605787108
725,12/27/2022,725,752.387588,14.86931992,0.605787108,376.193794,7.43465996,0.302893554,752.387588,14.86931992,0.605787108
726,12/28/2022,726,752.387588,14.86931992,0.605787108,376.193794,7.43465996,0.302893554,752.387588,14.86931992,0.605787108
727,12/29/2022,727,752.387588,14.86931992,0.605787108,376.193794,7.43465996,0.302893554,752.387588,14.86931992,0.605787108
728,12/30/2022,728,752.387588,14.86931992,0.605787108,376.193794,7.43465996,0.302893554,752.387588,14.86931992,0.605787108
729,12/31/2022,729,752.387588,14.86931992,0.605787108,376.193794,7.43465996,0.302893554,752.387588,14.86931992,0.605787108
